cellID	Barcode
AAACCCAAGAACGCGT	B505
AAACCCAAGATTGACA	B184
AAACCCAAGCCAGACA	B562
AAACGAACACGCTGAC	B707
AAACGAAGTACGATCT	B707
AAACGAAGTGGTAATA	B181
AAACGAATCATTTACC	B224
AAACGCTAGCAACTTC	B707
AAACGCTCATGTCAGT	B409
AAACGCTTCACATACG	B337
AAACGCTTCTGGTGGC	B707
AAAGAACGTGATTCAC	B707
AAAGAACGTGCGTTTA	B327
AAAGAACTCCAAGGGA	B528
AAAGGATAGCATCTTG	B457
AAAGGATAGGTACTGG	B217
AAAGGATAGGTAGCCA	B184
AAAGGATGTTTCGATG	B357
AAAGGATTCATCTGTT	B707
AAAGGATTCGCTCCTA	B925
AAAGGGCCAACTCATG	B232
AAAGGTAAGTGCAGCA	B837
AAAGGTACATTGACTG	B306
AAAGTCCTCCTACCGT	B707
AAAGTGACAGAGTTCT	B613
AAAGTGACAGCGGTTC	B794
AAAGTGACAGTCAGTT	B837
AAAGTGAGTTACCTGA	B220
AAAGTGATCGAGAACG	B337
AAATGGAAGCGATGCA	B18
AAATGGAGTCTACACA	B177
AAATGGAGTGGAACAC	B327
AAATGGATCTTGCAGA	B837
AACAAAGAGGTAGTCG	B904
AACAAAGTCAACTACG	B265
AACAAAGTCAGCGCAC	B707
AACAACCCAACACGAG	B707
AACAACCCATGAGATA	B707
AACAACCTCTCTAGGA	B64
AACAAGACATACAGCT	B794
AACAAGACATTGCAAC	B707
AACAAGAGTTGCCGAC	B282
AACACACCATACTGAC	B940
AACACACGTCAGCTTA	B707
AACACACTCAAGTTGC	B857
AACACACTCGTTGTGA	B376
AACAGGGGTGGATCAG	B258
AACAGGGTCCGAAATC	B707
AACCAACTCCCTATTA	B32
AACCAACTCCGGACTG	B707
AACCAACTCGCTAATG	B86
AACCATGCAATCCTTT	B707
AACCATGGTGTAGGAC	B16
AACCATGTCAAGTGGG	B348
AACCCAAAGTGCTCAT	B247
AACCCAACACAAGTGG	B707
AACCCAATCCTTGAAG	B338
AACCCAATCGTAGGGA	B640
AACCTGAAGGATGCGT	B707
AACCTGAAGTAATACG	B837
AACCTGACAATAGTAG	B707
AACCTGACACGTAGAG	B635
AACCTGACACGTGTGC	B44
AACCTGACATCGTTCC	B640
AACCTGAGTATCCTCC	B707
AACCTTTAGAAATGGG	B711
AACCTTTCAACACAGG	B32
AACCTTTCAGAGTAAT	B602
AACCTTTTCAAAGGAT	B265
AACCTTTTCGTTCCCA	B837
AACCTTTTCTTCGCTG	B707
AACGAAACATTGACTG	B337
AACGAAAGTCTTGCGG	B837
AACGGGAAGTTCCATG	B325
AACGGGACAAAGCAAT	B415
AACGGGACAAATGCTC	B707
AACGGGACAATACAGA	B282
AACGGGAGTCACTAGT	B282
AACGGGATCACGAACT	B707
AACGTCACATTGTACG	B846
AACGTCATCAGCTCTC	B707
AACTTCTAGCTCCATA	B707
AACTTCTGTGACTCTA	B329
AACTTCTTCATCGTAG	B521
AAGAACAAGTAGCAAT	B837
AAGAACAGTAGTCTGT	B325
AAGAACAGTGGACCAA	B707
AAGACAAGTATGTCAC	B707
AAGACAAGTCACAGAG	B753
AAGACAATCCAAGCTA	B707
AAGACAATCTCAATCT	B528
AAGACAATCTTCTAAC	B707
AAGACTCAGTGTTCCA	B327
AAGATAGAGAGCAGTC	B707
AAGATAGTCTGTCGTC	B885
AAGCATCAGCCGTTAT	B258
AAGCATCCAGCTGTCG	B707
AAGCCATAGCAGTACG	B258
AAGCGAGAGTCCTGTA	B635
AAGCGAGCAAACTCGT	B649
AAGCGAGTCTTCTAAC	B707
AAGCGTTGTGTCCAAT	B35
AAGGAATAGCTCCACG	B506
AAGGAATAGTGATGGC	B837
AAGGAATGTCTGGTTA	B528
AAGGAATGTTTACCTT	B528
AAGGAATTCCGTCACT	B627
AAGGTAAAGCTAGCCC	B320
AAGGTAAAGGTTACCT	B537
AAGGTAAGTCACTTAG	B707
AAGGTAAGTCGAAACG	B528
AAGTACCAGTTGCATC	B707
AAGTACCGTAAGCTCT	B707
AAGTACCTCGGCTTCT	B282
AAGTCGTGTCGATGCC	B177
AAGTCGTGTCGTTTCC	B337
AAGTCGTGTGGCAGAT	B528
AAGTCGTTCCGGCAAC	B640
AAGTGAAGTATTGAGA	B837
AAGTTCGAGCACTAAA	B124
AAGTTCGCAGGACTAG	B564
AAGTTCGCATGCCGCA	B309
AATAGAGAGCGGTAAC	B707
AATAGAGCAGGTGAGT	B635
AATCACGAGTCACACT	B838
AATCACGCATGGCTAT	B72
AATCACGTCAGACTGT	B325
AATCGACAGCAGGTCA	B528
AATCGACAGTCAAGCG	B707
AATCGACCAGCAAGAC	B707
AATCGACGTCGTTCAA	B707
AATCGTGGTATTGAGA	B876
AATCGTGGTGATAGAT	B32
AATGAAGCATCGTTCC	B730
AATGAAGTCAGACCCG	B327
AATGACCAGACTCTAC	B814
AATGACCAGCTCCGAC	B837
AATGACCGTTGGATCT	B707
AATGCCAAGGGAGATA	B852
AATGCCAAGGTCATCT	B649
AATGCCAAGTATCTGC	B640
AATGCCAGTGTTCCTC	B837
AATGCCAGTTCGTAAC	B340
AATGGAACATACCGTA	B707
AATGGAATCGCTATTT	B693
AATGGCTCACAATTCG	B84
AATGGCTCACCAGTTA	B133
AATGGCTTCCACGGAC	B693
AATGGCTTCCTTTAGT	B627
AATTCCTAGGCCTAAG	B707
AATTCCTCACGAGAAC	B837
AATTCCTTCATGCAGT	B327
AATTCCTTCGGCTTGG	B528
AATTTCCCAGCTAACT	B707
AATTTCCTCCAGTTCC	B282
AATTTCCTCCATTGTT	B897
AATTTCCTCCGATAGT	B837
ACAAAGACAATTCACG	B362
ACAAAGACAGCAGGAT	B682
ACAAAGAGTCTAACTG	B885
ACAAAGAGTGCCTAAT	B554
ACAACCAGTGGTAACG	B112
ACAACCATCGTAACAC	B453
ACAAGCTAGCGTGAAC	B707
ACAAGCTTCAGTGTGT	B70
ACAAGCTTCTCATTTG	B837
ACACAGTAGCTGTGCC	B360
ACACCAAAGATGAACT	B360
ACACCAATCGCATTAG	B337
ACACCAATCGTTCCCA	B337
ACACGCGAGGACACTG	B528
ACACGCGCACGCTGCA	B268
ACACGCGTCCTTCTTC	B178
ACACGCGTCTCCTGAC	B528
ACACGCGTCTGAGGCC	B838
ACACTGAAGATCGACG	B528
ACAGAAACACGACCTG	B737
ACAGAAACAGCGCGTT	B707
ACAGCCGAGGGCTTCC	B742
ACAGCCGCAAGGAGTC	B707
ACAGCCGCAGGTGACA	B21
ACAGCCGCATCATCTT	B670
ACAGCCGGTTGCATCA	B837
ACAGCCGGTTGTTGAC	B838
ACAGCCGTCCTGCTAC	B837
ACAGGGACACGAAAGC	B707
ACAGGGACACTAGGCC	B837
ACAGGGACAGCAGATG	B190
ACAGGGAGTCCACTTC	B400
ACAGGGAGTTAACAGA	B337
ACAGGGATCGTAACTG	B342
ACATCCCAGATCCCAT	B840
ACATCCCAGTCATCGT	B707
ACATCCCTCGATACAC	B707
ACATCCCTCGTGTCAA	B707
ACATCGAAGAATACAC	B837
ACATCGAAGGCGACAT	B837
ACATCGAGTCTGTGTA	B847
ACATGCAAGTAGGTTA	B837
ACATGCACACCCTATC	B337
ACATGCAGTAGGAAAG	B707
ACATGCAGTCCTCATC	B838
ACATTTCAGGGTGGGA	B707
ACATTTCGTATGCTTG	B690
ACCAAACGTTGGGATG	B707
ACCAACAAGACGCATG	B86
ACCAACAAGAGAGTTT	B852
ACCAACAGTCCAAGAG	B837
ACCAACATCATGCCGG	B844
ACCAACATCCCATTCG	B325
ACCACAACAAATCAAG	B837
ACCACAACACATATCG	B546
ACCACAACAGTTGTTG	B640
ACCACAATCTACACTT	B784
ACCACAATCTTACACT	B707
ACCATTTGTATGAGCG	B707
ACCATTTGTGTTCAGT	B707
ACCCAAACAGATGCGA	B213
ACCCTCAAGCGTGTTT	B876
ACCCTCATCCTTGAAG	B528
ACCCTCATCGGAGCAA	B124
ACCCTTGAGCGATGAC	B849
ACCCTTGCATGCCGGT	B116
ACCCTTGTCGGCCCAA	B707
ACCGTTCCAGTGGTGA	B905
ACCGTTCGTCCCACGA	B707
ACCTACCAGAGGCTGT	B528
ACCTACCAGCATGTTC	B17
ACCTACCAGGCGAAGG	B707
ACCTACCGTAGGAAAG	B360
ACCTACCTCCGGCAAC	B560
ACCTGAAAGAACTCCT	B711
ACCTGTCTCGGATTAC	B373
ACGATCAAGCCAAGGT	B837
ACGATCACACACAGAG	B282
ACGATCACAGCGATTT	B506
ACGATGTGTACTCCCT	B707
ACGATGTGTCGAAACG	B80
ACGATGTGTTCCTTGC	B908
ACGCACGCACAACGTT	B707
ACGGAAGGTATTTCCT	B707
ACGGAAGGTCTTCCGT	B707
ACGGAAGGTGTCTCCT	B707
ACGGAAGTCGCTGATA	B228
ACGGGTCGTTCCTAAG	B707
ACGGGTCGTTTGCAGT	B265
ACGGTCGCATGTTCGA	B677
ACGGTTAAGTGTTGTC	B837
ACGGTTACAGAATGTA	B837
ACGGTTACAGCTAACT	B707
ACGGTTATCGTGGCTG	B104
ACGTAACAGCCTCACG	B836
ACGTAACCACCTGAAT	B837
ACGTACAAGACGGTCA	B282
ACGTACAGTGGCGTAA	B837
ACGTAGTCAACGTTAC	B707
ACGTAGTTCTACAGGT	B707
ACGTAGTTCTAGCATG	B707
ACGTCCTAGACTACGG	B707
ACGTCCTAGTCTGCAT	B707
ACGTCCTCATAGCACT	B812
ACGTCCTGTGCCTGAC	B707
ACGTCCTTCACCATAG	B707
ACGTTCCAGATAACAC	B707
ACGTTCCAGTACCGGA	B282
ACGTTCCAGTCACGAG	B233
ACGTTCCCAGTTACCA	B707
ACGTTCCGTAGAATGT	B282
ACGTTCCGTGGACTAG	B707
ACGTTCCTCCGAAATC	B750
ACTACGACAGTTGAAA	B336
ACTACGAGTTATTCCT	B836
ACTACGATCCATGATG	B529
ACTATCTAGCTACTAC	B707
ACTATCTCAGATTTCG	B528
ACTATCTCAGGCCCTA	B707
ACTATCTCATCCGCGA	B837
ACTATCTGTGTCACAT	B837
ACTATCTTCAGAGTTC	B912
ACTATGGAGGTCATTC	B783
ACTATGGCACGCTGTG	B707
ACTATGGGTAAGGCTG	B837
ACTATGGTCTAAGGAA	B337
ACTATTCAGAGAATCT	B538
ACTATTCCAAATACGA	B707
ACTATTCCAGAATTCC	B495
ACTCCCAAGCCATTGT	B692
ACTCCCAAGCGTATGG	B844
ACTCCCAAGGTAGATT	B528
ACTCCCACACCTCGTT	B265
ACTCTCGAGGCCCAAA	B838
ACTCTCGGTCACTCAA	B337
ACTGATGAGCCTCCAG	B674
ACTGATGAGGTGATAT	B70
ACTGATGCATAGATGA	B707
ACTGATGGTACTCCGG	B327
ACTGATGGTGCGGCTT	B364
ACTGCAAGTCGAGTGA	B837
ACTGTCCAGACGATAT	B372
ACTGTCCAGGAGACCT	B794
ACTGTCCCACTGGAAG	B3
ACTGTCCCAGAGTCAG	B837
ACTGTCCGTCGTTGCG	B327
ACTGTCCTCCGATCGG	B707
ACTGTCCTCTAGGCAT	B327
ACTGTGACAGTCCGTG	B55
ACTGTGAGTCATGCAT	B905
ACTGTGAGTCGCATCG	B528
ACTTAGGAGAGGCTGT	B613
ACTTAGGAGGCCTGCT	B327
ACTTAGGGTATGAAGT	B680
ACTTATCCAAGCGGAT	B876
ACTTATCCAGAGGACT	B171
ACTTATCTCGACCATA	B837
ACTTCCGAGTCCCAAT	B837
ACTTCCGAGTGCCAGA	B707
ACTTCCGAGTGGTGAC	B707
ACTTCCGAGTTCACTG	B310
ACTTCCGCACGGGCTT	B327
ACTTCCGCAGCAGTCC	B941
ACTTCCGTCGATGCAT	B837
ACTTCGCAGTGCACTT	B694
ACTTCGCCAGTTGCGC	B370
ACTTCGCGTAGCCAGA	B707
ACTTTCACACAATGCT	B707
ACTTTCACATGGCCCA	B707
ACTTTCATCGACTCCT	B633
AGAAATGAGCTCATAC	B528
AGAAATGAGGTGAGCT	B707
AGAAATGAGTTAGAAC	B707
AGAAATGAGTTTAGGA	B707
AGAAATGCACGCTGTG	B32
AGAAATGCATGACAAA	B181
AGAAATGGTCCGGTGT	B640
AGAAATGTCTTCCAGC	B707
AGAAATGTCTTTCCGG	B707
AGAACAAAGCCTTTCC	B936
AGAACAAGTACCGGCT	B149
AGAACAAGTAGTCACT	B86
AGAACAAGTATTGGCT	B360
AGAACAAGTCCTCCTA	B796
AGAACAAGTGTCATTG	B184
AGAACAAGTGTCTTAG	B410
AGAACAATCAGCGCAC	B771
AGAACAATCGTGCATA	B707
AGAACCTCAATAGTCC	B150
AGAACCTGTGGACCAA	B411
AGAACCTGTTACACTG	B453
AGAACCTTCAGACTGT	B707
AGAAGCGAGTTGTACC	B506
AGAAGCGGTACTCGCG	B258
AGAAGCGGTCCCACGA	B707
AGAAGTAAGGCACTCC	B707
AGAAGTAAGGGAACAA	B707
AGAAGTAAGGTAATCA	B258
AGAAGTAGTAGTGGCA	B707
AGAAGTAGTCAAGCGA	B850
AGAAGTAGTGTCATTG	B731
AGAAGTATCGGTTCAA	B742
AGACAAAAGGTGAGCT	B707
AGACAGGGTCACTCTC	B284
AGACAGGGTTATGGTC	B528
AGACAGGTCGCCGATG	B837
AGACCATCAATTAGGA	B24
AGACCATCACCTCGTT	B101
AGACCATCAGAAACCG	B528
AGACCATCATATGCGT	B707
AGACCATTCCGTCACT	B707
AGACCCGAGATAACGT	B707
AGACCCGAGCCATTGT	B291
AGACCCGAGGGTGAAA	B282
AGACCCGGTCCTCATC	B837
AGACCCGGTTCTCGCT	B290
AGACCCGTCACACCCT	B707
AGACCCGTCGGCATCG	B907
AGACTCAAGAGTCTTC	B135
AGACTCACACTGGATT	B424
AGACTCAGTGTCTAAC	B11
AGACTCATCTCTATGT	B282
AGAGAATGTCTGATAC	B340
AGAGAATGTCTGTTAG	B707
AGAGAATTCCGTAGGC	B207
AGAGAGCAGCAAGTCG	B640
AGAGAGCAGGCAGGGA	B282
AGAGAGCGTACTCCGG	B837
AGAGAGCGTATGAGAT	B640
AGAGAGCGTTGGAGGT	B707
AGAGCAGCACTGTGTA	B325
AGAGCAGGTTCCATTT	B837
AGAGCAGTCTGAATGC	B837
AGAGCCCAGACTTCCA	B837
AGAGCCCCAAGCGATG	B191
AGAGCCCGTACGTACT	B837
AGAGCCCGTTGCTCGG	B707
AGATAGAAGGCAGTCA	B265
AGATAGAAGGTAGTAT	B707
AGATAGAAGTAGCCAG	B479
AGATCCACATCAACCA	B837
AGATCCACATCTCATT	B588
AGATCCACATGGAACG	B837
AGATCGTTCCGATGCG	B707
AGATGAAAGCTCGGCT	B711
AGATGAACAAGTGGGT	B837
AGATGAAGTAGGTCAG	B707
AGATGAATCAGCTTGA	B707
AGATGCTAGAGGTGCT	B837
AGATGCTAGGCACCAA	B494
AGATGCTAGTCACGCC	B655
AGATGCTCAATACGCT	B837
AGATGCTCAGGAGGAG	B838
AGATGCTGTCGTGCCA	B837
AGATGCTGTGAGGATC	B707
AGATGCTTCAAGTGGG	B885
AGCATCAAGGGACAGG	B325
AGCATCACACCGTCTT	B836
AGCATCAGTAAGCAAT	B707
AGCCAATCAGGGTTGA	B837
AGCCAATCAGTCTACA	B707
AGCCACGTCATAAGGA	B707
AGCCAGCCAGCGGTTC	B72
AGCCAGCGTACGTACT	B831
AGCCAGCGTGTGAGCA	B528
AGCCAGCTCGTAATGC	B385
AGCGATTGTCGAATTC	B156
AGCGATTTCGTTCTGC	B837
AGCGCCAAGGAGCAAA	B837
AGCGCCAAGTCTTGGT	B837
AGCGCCAGTAGTCGTT	B184
AGCGCTGCAGACACCC	B191
AGCGCTGGTCCTACAA	B325
AGCGCTGTCACGTAGT	B714
AGCGCTGTCCAGTTCC	B707
AGCGCTGTCTTCTGTA	B707
AGCGCTGTCTTTGCTA	B86
AGCGTCGCAATTTCCT	B707
AGCGTCGGTATGAAGT	B327
AGCGTCGGTGTCCTAA	B37
AGCTACAAGTACGTCT	B9
AGCTACACAAGTATCC	B337
AGCTACACATAGCTGT	B583
AGCTACACATGCCGGT	B265
AGCTACAGTGACGCCT	B707
AGCTACAGTGGATTTC	B888
AGCTACATCGCAATGT	B696
AGCTCAACACCTGATA	B707
AGCTCAAGTTGCAAGG	B837
AGCTCAATCAGCGCGT	B337
AGCTCAATCCGACGGT	B501
AGCTTCCCACATAACC	B838
AGCTTCCGTGGTACAG	B327
AGCTTCCTCCCATGGG	B901
AGGAAATAGGTACATA	B707
AGGAAATCATTGCTGA	B38
AGGAATATCAGGGTAG	B337
AGGAATATCGGACGTC	B325
AGGACGAGTCAACCTA	B337
AGGACTTAGAGCTTTC	B707
AGGACTTAGCAAGTCG	B258
AGGACTTAGTAATTGG	B343
AGGACTTCACAAACGG	B337
AGGACTTGTCTAATCG	B775
AGGACTTTCGGCTTCT	B707
AGGAGGTAGGCGAAGG	B898
AGGAGGTCACCCAACG	B793
AGGATAACAGGAATCG	B265
AGGATCTAGAAGTGTT	B324
AGGATCTCATCACCAA	B501
AGGCATTAGGTCGACA	B643
AGGCATTAGGTGCTTT	B127
AGGCATTCAAGGATGC	B327
AGGCATTCACGAAAGC	B40
AGGCATTGTTAAACCC	B707
AGGCCACAGAGTCTTC	B506
AGGCCACGTCTAGGTT	B357
AGGCCACTCAAGCCGC	B832
AGGCCACTCACGTCCT	B847
AGGCTGCAGAGATTCA	B707
AGGCTGCAGGTTTACC	B327
AGGCTGCGTTAAGGGC	B707
AGGCTGCTCGAAGCCC	B654
AGGCTGCTCTGTCCCA	B265
AGGGAGTAGGGAGGCA	B327
AGGGAGTAGTCTTCGA	B884
AGGGAGTCAATCGCCG	B337
AGGGAGTGTGAGTCAG	B337
AGGGAGTTCAGGACGA	B528
AGGGCCTTCATTCTTG	B588
AGGGCTCCAACTCGTA	B828
AGGGCTCCAGGGTTGA	B350
AGGGCTCGTAGCACGA	B84
AGGGTCCCATCTCGTC	B181
AGGGTCCGTACTGGGA	B357
AGGGTCCTCTTCTTCC	B707
AGGGTGAGTTGTTGTG	B528
AGGGTGATCTAGCATG	B410
AGGGTTTTCCACAGGC	B923
AGGTAGGAGTCTAACC	B837
AGGTAGGGTGTTATCG	B707
AGGTAGGTCTGCGGAC	B707
AGGTCATAGTATGACA	B180
AGGTCATCAAACGTGG	B707
AGGTCATCATCATCCC	B658
AGGTCATTCCATGCAA	B837
AGGTCTAAGTGAGTGC	B707
AGGTCTAGTGAAAGTT	B528
AGGTGTTAGTATGCAA	B707
AGGTGTTTCCGTACGG	B337
AGGTTACAGCGTGAGT	B837
AGGTTACGTATTTCTC	B837
AGGTTGTCAAGCTGCC	B559
AGGTTGTGTAGAGATT	B640
AGGTTGTGTATCAAGA	B423
AGGTTGTGTCCAATCA	B140
AGGTTGTTCACATCAG	B707
AGGTTGTTCCCGAACG	B241
AGGTTGTTCCGTGTAA	B707
AGGTTGTTCGGCTGAC	B528
AGTAACCCACTCTGCT	B702
AGTAACCCAGATCCTA	B707
AGTAACCCAGTTGTCA	B528
AGTAACCGTACGGATG	B423
AGTAACCTCAGTGTGT	B184
AGTAACCTCGCCACTT	B707
AGTAACCTCGCGCTGA	B215
AGTACCACATAGATGA	B707
AGTACCATCTAGTTCT	B282
AGTACTGAGAACAAGG	B688
AGTACTGAGATACGAT	B184
AGTACTGAGCCGCACT	B707
AGTACTGAGGGCGAGA	B707
AGTACTGTCTATCCAT	B707
AGTAGTCAGAAACCAT	B65
AGTAGTCAGGTCGTAG	B707
AGTAGTCTCCTTCTGG	B443
AGTCAACAGGACAAGA	B847
AGTCAACGTGAAAGTT	B707
AGTCAACTCAAGCCAT	B269
AGTCAACTCAGGACAG	B250
AGTCACACAACCCTAA	B621
AGTCACATCCTCAGAA	B528
AGTCACATCGATACAC	B707
AGTCATGCACATTCGA	B707
AGTCATGCAGAGTCTT	B315
AGTCATGGTCACGCTG	B933
AGTCTCCAGGGTGAAA	B905
AGTCTCCTCAGCCTCT	B707
AGTCTCCTCTCGTCGT	B707
AGTGACTAGCGTGTTT	B707
AGTGACTTCCAAGCAT	B707
AGTGACTTCGGCGATC	B707
AGTGATCAGTCCTACA	B838
AGTGATCTCCACCTCA	B837
AGTGATCTCCGCATAA	B53
AGTGATCTCGACACCG	B462
AGTGATCTCGACGACC	B611
AGTGATCTCTAGGCCG	B327
AGTGCCGTCTCGCGTT	B941
AGTGTTGGTAGACACG	B327
AGTTAGCAGATTGATG	B325
AGTTAGCAGTCTAACC	B265
AGTTAGCCAAGCTACT	B282
AGTTAGCGTGATTCTG	B707
AGTTCCCAGCCGCACT	B838
AGTTCGAAGACAACAT	B240
ATACCGAAGAAACCCG	B837
ATACCGACAAGTTCCA	B337
ATACCGACACTATCGA	B282
ATACCTTGTATGGGAC	B449
ATACCTTGTCACTACA	B55
ATACCTTGTCGCATTA	B707
ATACTTCCAGCTACTA	B707
ATACTTCGTACATTGC	B707
ATACTTCGTCAGGTGA	B707
ATACTTCGTGATATAG	B707
ATACTTCGTTAAGACA	B867
ATACTTCGTTCTCCTG	B174
ATAGAGAAGACTCAAA	B837
ATAGAGAAGATCACTC	B898
ATAGAGAAGATTAGTG	B901
ATAGAGACATATCGGT	B553
ATAGAGAGTCGAAGCA	B39
ATAGAGATCGCGTGCA	B837
ATAGGCTCATGAGGGT	B32
ATAGGCTGTTCCCAAA	B327
ATAGGCTGTTGGGCCT	B837
ATATCCTGTGAATTGA	B32
ATATCCTGTGCAACGA	B289
ATCACAGCAATTGAAG	B327
ATCACAGCATCACCAA	B232
ATCACAGGTCCTCATC	B506
ATCACGAAGTAGGGTC	B81
ATCACGACACACCGAC	B707
ATCACGACAGCATTGT	B385
ATCACTTGTTTGCCGG	B680
ATCAGGTAGTATTGCC	B921
ATCAGGTGTGGGAGAG	B707
ATCAGGTTCATACAGC	B282
ATCAGGTTCTCTTGCG	B707
ATCATTCCACCTCTAC	B750
ATCCACCCAACGGTAG	B837
ATCCACCCACATTGTG	B707
ATCCACCCAGACGGAT	B327
ATCCACCGTCGTATTG	B837
ATCCACCGTTGTGTAC	B707
ATCCATTCAGACGCTC	B838
ATCCATTTCGAGAGAC	B707
ATCCCTGAGTCCGCCA	B528
ATCCCTGGTGCAGATG	B101
ATCCCTGGTTTCGATG	B528
ATCCCTGTCAAAGACA	B852
ATCCGTCAGAAGATCT	B707
ATCCGTCAGTCTCTGA	B837
ATCCGTCAGTCTGGTT	B542
ATCCGTCGTACCCAGC	B707
ATCCGTCGTCAATCTG	B923
ATCCGTCTCCCTCGAT	B258
ATCCTATAGCTGACTT	B814
ATCCTATTCAGCACCG	B707
ATCGATGAGCGTGCTC	B420
ATCGATGCAAACACGG	B837
ATCGATGCACTACACA	B844
ATCGATGCAGAACTAA	B171
ATCGATGGTAGACAGC	B707
ATCGATGGTTCGGACC	B707
ATCGATGTCTTGTTAC	B247
ATCGCCTAGCGTTGTT	B707
ATCGCCTAGGGTGAAA	B410
ATCGCCTGTAGCCAGA	B528
ATCGCCTTCTCGAACA	B327
ATCGGATTCCATACTT	B258
ATCGGATTCCCAAGCG	B707
ATCGGATTCGAGATGG	B707
ATCGGATTCTTAGGAC	B248
ATCGGCGAGCCTGTGC	B528
ATCGGCGCACAACGAG	B707
ATCGGCGCAGCTGCCA	B837
ATCGGCGTCGAATCCA	B836
ATCGTAGGTCAAATCC	B707
ATCGTAGGTGGTAATA	B327
ATCGTAGGTTCGGGTC	B366
ATCGTAGGTTTCGTTT	B707
ATCGTAGTCGAAATCC	B837
ATCGTCCAGGTTACAA	B837
ATCGTCCCACATAACC	B268
ATCGTCCCAGCCCAGT	B837
ATCGTCCGTAACGTTC	B440
ATCGTCCTCTATTGTC	B837
ATCGTGAAGGATCACG	B682
ATCGTGAGTAGGGAGG	B838
ATCTCTAAGCAACTTC	B707
ATCTCTAAGGAGAATG	B265
ATCTCTAGTGCGGCTT	B905
ATCTTCATCACCTTAT	B325
ATGACCAGTACTAAGA	B852
ATGACCATCGGACTTA	B837
ATGACCATCTATCGTT	B225
ATGAGGGCAAAGAACT	B707
ATGAGGGCAATGAGCG	B207
ATGAGGGCAGAAACCG	B707
ATGAGGGTCCAGCACG	B528
ATGAGGGTCGTGGGTC	B707
ATGAGTCAGCATCCTA	B707
ATGAGTCAGCATGCAG	B32
ATGAGTCCAGTAACCT	B682
ATGATCGAGAGAACCC	B84
ATGATCGAGCGATGCA	B707
ATGATCGTCAGTCAGT	B707
ATGCATGCAACCGGAA	B837
ATGCATGTCCGAAATC	B268
ATGCATGTCTCATTAC	B707
ATGCCTCAGTCAGGGT	B327
ATGCCTCCATCGCCTT	B837
ATGCCTCGTAGTGGCA	B707
ATGCCTCGTTATGTCG	B707
ATGCCTCGTTCTCCCA	B613
ATGCCTCTCCGCACGA	B837
ATGCCTCTCTCACGAA	B753
ATGCGATAGCGGGTTA	B346
ATGCGATGTTTAGACC	B623
ATGGAGGAGGGTCTTT	B528
ATGGAGGCACACACTA	B528
ATGGAGGGTAGTCACT	B683
ATGGAGGGTCGACGCT	B21
ATGGAGGGTCTGTCAA	B763
ATGGAGGGTTGTATGC	B697
ATGGAGGTCATCCTAT	B707
ATGGATCCAGATCACT	B924
ATGGATCTCAGCCCAG	B20
ATGGATCTCCTTGGAA	B812
ATGGATCTCTTGAACG	B528
ATGGGAGCAATTGAGA	B282
ATGGGAGCACCACTGG	B707
ATGGGAGCACTGTCCT	B480
ATGGGAGGTATTTCTC	B840
ATGGGAGGTTACCGTA	B837
ATGGGTTGTTGCATTG	B707
ATGGTTGAGCTGACAG	B707
ATGGTTGGTCTGGTTA	B45
ATGTCCCAGTCAGCGA	B291
ATGTCCCCAAACTCGT	B583
ATGTCCCCATTCACAG	B78
ATGTCCCGTCGAAACG	B707
ATGTCCCTCATGGGAG	B707
ATGTCCCTCGCCACTT	B853
ATGTCCCTCTCCGTGT	B837
ATGTCTTCACTACTTT	B272
ATGTCTTTCTGTGCTC	B707
ATGTCTTTCTGTGTGA	B142
ATTACCTAGAGTTCGG	B72
ATTACCTCATACAGAA	B420
ATTACCTGTCAACATC	B55
ATTACCTGTCCTGAAT	B837
ATTACCTTCCACATAG	B573
ATTACCTTCGAGAACG	B837
ATTACCTTCTAGCCTC	B707
ATTACTCAGATGACAT	B837
ATTACTCTCGTCCTCA	B337
ATTATCCCAAGAGAGA	B837
ATTATCCCAAGTAGTA	B837
ATTATCCCACGCGCTA	B44
ATTATCCTCCTTGACC	B794
ATTCACTAGTACTGGG	B337
ATTCACTGTCACTCAA	B360
ATTCACTGTCGAGTGA	B551
ATTCACTGTTCTCGCT	B528
ATTCACTTCGAAATCC	B837
ATTCAGGTCTTACCAT	B580
ATTCATCAGGAAAGGT	B21
ATTCATCGTGTTGACT	B270
ATTCATCTCTCGACGG	B32
ATTCCATAGGACAACC	B707
ATTCCATCAGCGTTTA	B898
ATTCCATCAGGTGGAT	B837
ATTCCATCAGTCGCAC	B501
ATTCCATGTCCGACGT	B738
ATTCCATGTTCCGGTG	B707
ATTCCATTCGCGCCAA	B640
ATTCCATTCTCACGAA	B707
ATTCCCGAGCTCACTA	B187
ATTCCCGAGTTGGAAT	B907
ATTCCCGTCAAGTCTG	B707
ATTCCTAAGATTGTGA	B707
ATTCCTACAAACCACT	B707
ATTCCTAGTTGTGGCC	B867
ATTCGTTCAGGGATAC	B752
ATTCGTTCAGGGTTGA	B76
ATTCGTTTCCAATGCA	B528
ATTCGTTTCCCACAGG	B294
ATTCTACAGAATCGAT	B81
ATTCTACCAATTGCAC	B528
ATTCTACGTTCCATTT	B676
ATTCTACTCCACGTCT	B457
ATTCTACTCCTGATAG	B21
ATTCTACTCTGCTAGA	B837
ATTCTTGAGAATTGTG	B327
ATTCTTGAGTCAGCCC	B327
ATTCTTGCAAGTACCT	B336
ATTCTTGTCTGCGGCA	B707
ATTCTTGTCTGTAACG	B707
ATTGGGTAGCCTCGTG	B327
ATTGGGTCACCCTTAC	B420
ATTTACCCATGACACT	B837
ATTTCACAGGACGCAT	B471
CAAAGAAAGAGGATGA	B837
CAAAGAACACGTAACT	B495
CAAAGAATCTGAGAAA	B707
CAACAACAGCAGAAAG	B86
CAACAACAGCCACCGT	B707
CAACAACAGCCTCAAT	B707
CAACAACAGTGCCAGA	B528
CAACAACCACAAGTTC	B101
CAACAACCAGCATTGT	B707
CAACAACGTAGATCCT	B420
CAACAGTAGTGCAGGT	B837
CAACAGTCAACAGTGG	B184
CAACCAACAGCTGAAG	B101
CAACCTCGTTCCTAAG	B327
CAACCTCTCTTGGGCG	B506
CAACGATCACGCGCAT	B837
CAACGATCATCGCTGG	B707
CAACGATGTGTCCATA	B837
CAACGATTCGATACGT	B528
CAACGATTCTGTCCGT	B99
CAACGGCCAAAGGGCT	B707
CAACGGCCAATCGAAA	B707
CAACGGCTCATGGAGG	B707
CAAGACTCAACACAAA	B707
CAAGACTGTGTGAATA	B327
CAAGACTGTTAGCTAC	B314
CAAGAGGAGACCATTC	B265
CAAGAGGAGCAGCACA	B707
CAAGAGGCATCTCCCA	B836
CAAGAGGGTTGCAACT	B327
CAAGCTACATCTAACG	B282
CAAGCTATCGTCTAAG	B640
CAAGGGAAGACTCAAA	B707
CAAGGGAAGCTCCGAC	B837
CAAGGGAAGGGAGGCA	B882
CAAGGGAGTAGGAAAG	B528
CAATACGAGTAATACG	B837
CAATACGGTCAAACGG	B837
CAATACGGTCCCACGA	B357
CAATACGGTTCTCCTG	B267
CAATCGAAGTGGACGT	B808
CAATCGAGTACCATAC	B837
CAATCGAGTACCTAAC	B707
CAATCGAGTAGCTTGT	B528
CAATCGAGTGGGATTG	B707
CAATCGATCGATCCAA	B898
CAATGACAGGACTATA	B837
CAATGACTCCTTATAC	B801
CAATGACTCGCATGAT	B837
CAATTTCAGGTCATAA	B941
CAATTTCCAACAAAGT	B707
CAATTTCCAAGCTACT	B838
CAATTTCCACCCAATA	B282
CAATTTCGTCAATCTG	B707
CAATTTCTCTTACGGA	B640
CACAACACAATGTTGC	B707
CACAACAGTGTAGCAG	B905
CACACAACAACAGAGC	B707
CACACAACACTCCTTG	B282
CACACAAGTCTGATCA	B707
CACACAAGTGACCTGC	B837
CACACAATCGACGAGA	B750
CACAGATAGCATCGAG	B181
CACAGATAGTCTTCGA	B707
CACAGATGTATGGTAA	B707
CACAGATGTCGCAGTC	B387
CACAGGCAGCACCTGC	B86
CACAGGCCAATCTCGA	B707
CACATGATCGCAGTTA	B383
CACCGTTCAGGGACTA	B707
CACCGTTGTGTACGCC	B707
CACGAATAGTCCTGCG	B893
CACGAATCACGCCACA	B707
CACGAATTCCGCCTAT	B635
CACGGGTAGCAACAAT	B899
CACGTGGTCTGGACTA	B232
CACGTTCAGCGACTAG	B707
CACGTTCGTTCAGTAC	B707
CACTAAGAGACTAGAT	B101
CACTAAGAGTCCCGAC	B258
CACTAAGCAGATTCGT	B707
CACTGAAAGACGTCGA	B53
CACTGAAAGTCATCCA	B528
CACTGAACAGACAATA	B707
CACTGGGAGGAATCGC	B707
CACTGGGTCCGTGGGT	B337
CACTGTCCAGTTAAAG	B707
CACTGTCCATCGCTCT	B837
CACTGTCCATTGTAGC	B547
CACTGTCGTTCGGCGT	B707
CACTTCGCATTCCTAT	B707
CACTTCGGTGAGATAT	B837
CACTTCGTCACTGTCC	B282
CAGAGCCCAACGAGGT	B707
CAGATACAGCTTTGTG	B837
CAGATACGTCGTGATT	B749
CAGATACTCACAGAGG	B942
CAGATACTCTGATGGT	B265
CAGATCAAGACGAAGA	B837
CAGATTGGTACCGTGC	B855
CAGATTGGTTCTTGCC	B630
CAGATTGTCACAGAGG	B707
CAGATTGTCGCGAAGA	B707
CAGCAATAGAGGATCC	B528
CAGCAATGTGCCTACG	B707
CAGCACGGTAGAATAC	B640
CAGCACGGTTCGGTTA	B353
CAGCACGTCTCCGAAA	B348
CAGCACGTCTGACGCG	B274
CAGCAGCAGTACAACA	B337
CAGCAGCGTGCCTGCA	B707
CAGCAGCTCAACCGAT	B32
CAGCAGCTCTCGCGTT	B268
CAGCCAGCAGAACTTC	B351
CAGCCAGCATCAGCTA	B707
CAGCCAGTCACTCTTA	B941
CAGCGTGAGCAGCGAT	B707
CAGCGTGAGTAAAGCT	B453
CAGCGTGCAGCTGTTA	B934
CAGCGTGCAGTTAAAG	B707
CAGGCCACAATTAGGA	B483
CAGGGCTAGGTCGTCC	B194
CAGGGCTCACTTCCTG	B44
CAGGGCTCAGTTGAAA	B753
CAGGGCTTCAACACGT	B361
CAGGTATTCATTGGTG	B265
CAGTGCGCAGCTGAAG	B360
CAGTGCGGTAGATTGA	B680
CAGTGCGTCAACGTGT	B707
CAGTTAGAGCTGGAGT	B38
CAGTTAGAGGCTCCCA	B837
CAGTTAGGTGTCCAAT	B679
CAGTTAGTCAACCGAT	B707
CAGTTAGTCCTTATCA	B327
CAGTTAGTCGAAGGAC	B645
CAGTTCCCAGAAGTGC	B707
CAGTTCCGTCCTACAA	B32
CAGTTCCGTTCAGTAC	B707
CAGTTCCTCCGACGGT	B837
CATAAGCCAGCTGTGC	B124
CATAAGCGTTCTCTAT	B265
CATAAGCTCCACGTCT	B707
CATAAGCTCCCGAGAC	B183
CATACCCAGGTCATAA	B528
CATACCCCAACCGCTG	B707
CATACCCGTCCGGTGT	B113
CATACCCGTGAATGAT	B837
CATACTTCACGCGGTT	B836
CATACTTCATAGCTGT	B830
CATAGACGTCGGTGTC	B327
CATAGACTCGAGTCCG	B184
CATAGACTCGATAACC	B707
CATCAAGAGTTGGCGA	B707
CATCAAGCAGTCAGTT	B588
CATCAAGTCGAGAACG	B856
CATCCCAAGTCTAGCT	B707
CATCCCACAAAGACTA	B377
CATCCCACACACGGAA	B707
CATCCCACATCCTTGC	B420
CATCCCAGTCATCAGT	B837
CATCCGTCAATAGTGA	B613
CATCCGTTCATATGGC	B215
CATCGCTAGACGTCGA	B916
CATCGCTCATTGAAGA	B707
CATCGCTTCTCTGCCA	B707
CATCGGGAGACATCAA	B136
CATCGGGCATCGGTTA	B837
CATCGGGTCTTCTGGC	B707
CATCGTCAGGAGAGTA	B707
CATCGTCAGGTACCTT	B808
CATCGTCCACAGTACT	B707
CATCGTCTCGGAACTT	B707
CATCGTCTCTACACAG	B226
CATCGTCTCTTACTGT	B360
CATGAGTAGCAGTAAT	B707
CATGAGTAGGACTGGT	B707
CATGCCTAGGTAGTAT	B268
CATGCCTCAATCGCAT	B707
CATGCGGAGAGTCAAT	B506
CATGCGGCAACAGATA	B837
CATGCGGCACAAGCCC	B335
CATGCGGCAGGTTCCG	B192
CATGCGGGTTACACTG	B707
CATGCGGGTTACCCTC	B837
CATGCTCAGAAGGCTC	B640
CATGCTCGTCGTAATC	B707
CATGCTCTCCCTTGGT	B114
CATGCTCTCTGCTGAA	B837
CATGGATAGTCTGGTT	B707
CATGGTAAGGTCACAG	B471
CATGGTAGTGTATACC	B837
CATTCATAGAAGATCT	B44
CATTCATAGACATAAC	B707
CATTCATGTCGGCACT	B679
CATTCCGCAGATCACT	B105
CATTCCGCATGGAACG	B682
CATTCCGGTCTGTAAC	B325
CATTCCGTCACAAGGG	B707
CATTCCGTCACCCATC	B779
CATTCCGTCAGTCACA	B837
CATTCCGTCCCAACTC	B86
CATTCTAAGCGAGAAA	B146
CATTCTAGTAGACTGG	B707
CATTGAGAGTAGTCTC	B825
CATTGAGGTATTTCGG	B688
CATTGAGTCCGAAATC	B311
CATTGCCAGACCACGA	B258
CATTGCCAGTATGAGT	B528
CATTGCCAGTCTAACC	B876
CATTGCCCAAATTGCC	B96
CATTGCCCAAGTCCAT	B837
CATTGCCTCCGCTGTT	B707
CATTGCCTCTACCAGA	B528
CATTGTTAGCAAATGT	B707
CATTGTTCACGAGGAT	B707
CATTGTTCATAATGAG	B158
CATTGTTGTCACAGTT	B837
CATTTCAAGCCAAGTG	B707
CATTTCACAACGATCT	B837
CATTTCACACTCAAGT	B837
CCAAGCGGTACCAATC	B13
CCAAGCGTCAAACCCA	B506
CCAAGCGTCTTCACAT	B707
CCAATGAAGTTGAATG	B837
CCAATGACAATCCTAG	B129
CCAATGACATTGACTG	B528
CCAATTTAGTCGCCAC	B104
CCAATTTCAGAGCTAG	B707
CCACAAAAGCCATCCG	B337
CCACAAAAGTCGTTAC	B387
CCACAAACATGTCAGT	B707
CCACAAAGTCATAACC	B528
CCACAAAGTGACCTGC	B837
CCACAAATCTCGAGTA	B755
CCACACTTCTCGACCT	B104
CCACCATTCTCCTGCA	B352
CCACGAGCAACCGTAT	B837
CCACGAGCACTTACAG	B870
CCACGAGGTTAAGTCC	B245
CCACGAGGTTCGGTCG	B837
CCACGTTAGTATGGCG	B528
CCACGTTCAGGTGGAT	B707
CCACGTTTCCTACCGT	B707
CCACGTTTCTTACGGA	B707
CCACTTGAGCTATCCA	B707
CCACTTGCATCTCCCA	B327
CCACTTGGTGCATACT	B837
CCATAAGGTCGGAACA	B707
CCATAAGGTGTAACGG	B707
CCATAAGTCCGATCGG	B707
CCATAAGTCTATCGCC	B837
CCATCACCAGTTGAAA	B418
CCATCACGTGAAGCTG	B707
CCATCACGTTGTGTAC	B285
CCCAACTGTATGCGGA	B707
CCCAACTGTCTCACGG	B837
CCCAACTTCGCCTATC	B72
CCCATTGAGCCTAGGA	B707
CCCATTGAGGGTAATT	B124
CCCATTGTCCATCTAT	B707
CCCATTGTCGGTCTGG	B707
CCCGAAGCAAGTCCAT	B327
CCCGAAGGTGCTGATT	B541
CCCGAAGTCAACGCTA	B73
CCCGAAGTCCGGCAAC	B55
CCCGGAAAGACCAAGC	B707
CCCGGAAAGATTAGAC	B96
CCCGGAAAGCAGTACG	B707
CCCGGAATCCTACCGT	B32
CCCGGAATCGTAGTGT	B32
CCCGGAATCTCCTGAC	B528
CCCGGAATCTGTAACG	B528
CCCTAACCAGACACAG	B649
CCCTCAATCCTAGCTC	B308
CCCTCTCAGGTCTACT	B339
CCCTCTCCAATAGGGC	B934
CCCTCTCGTCGTGTTA	B195
CCCTCTCGTTATCCAG	B528
CCCTCTCTCTTTCAGT	B247
CCCTGATAGATGCAGC	B707
CCCTGATAGTCGGGAT	B528
CCCTGATAGTCGTTAC	B707
CCCTGATAGTGCTCGC	B844
CCCTGATGTACCGGCT	B129
CCCTTAGAGACTTCAC	B101
CCCTTAGCATTAGGAA	B613
CCCTTAGGTGGACTAG	B707
CCCTTAGTCACCTCAC	B793
CCCTTAGTCGTCAAAC	B659
CCCTTAGTCTAGATCG	B480
CCCTTAGTCTTCCAGC	B892
CCGAACGAGGCGCTTC	B528
CCGATCTAGATTGTGA	B528
CCGATCTGTAAGTAGT	B753
CCGATCTTCAATGTCG	B327
CCGATGGAGCCTCAAT	B707
CCGATGGGTAGTTACC	B282
CCGATGGGTGTGTCCG	B205
CCGATGGTCTCCGATC	B707
CCGATGGTCTGTCAGA	B528
CCGCAAGAGCTCGACC	B837
CCGCAAGGTCAAACGG	B837
CCGCAAGGTCGAATGG	B337
CCGCAAGTCGAACTCA	B261
CCGCAAGTCGATCCAA	B707
CCGGACACAAGTGGAC	B707
CCGGACACATAGAGGC	B707
CCGGACACATGAAGGC	B707
CCGGACAGTCTACGTA	B837
CCGGACAGTGCTCTCT	B707
CCGGACATCTCGGTCT	B528
CCGGGTAAGAGAAGGT	B807
CCGGGTACAGCAGAAC	B337
CCGGGTACATACCACA	B707
CCGGGTAGTAACACGG	B837
CCGGGTAGTCGAGCTC	B337
CCGGGTAGTTCAAGTC	B707
CCGGTAGGTGTGTTTG	B28
CCGGTGAAGGTTGTTC	B282
CCGGTGACAACCCTAA	B265
CCGGTGACAGACCTGC	B707
CCGGTGACAGTTGAAA	B842
CCGGTGACATAACAGA	B308
CCGGTGATCGAGCTGC	B707
CCGTAGGAGAGATTCA	B837
CCGTAGGGTGGAATGC	B387
CCGTAGGTCGTCGGGT	B640
CCGTGAGCACGTAACT	B707
CCGTGAGCAGGACTAG	B707
CCGTGAGTCCTAAGTG	B82
CCGTTCAGTATTGGCT	B528
CCTAACCAGAATCGAT	B707
CCTAACCAGGACACTG	B837
CCTAACCTCACATCAG	B110
CCTAACCTCGCGCTGA	B385
CCTAACCTCGCGGTAC	B556
CCTAAGAAGCTACTAC	B528
CCTAAGATCTCCTACG	B837
CCTACGTCAGGACTTT	B779
CCTACGTGTATGCTAC	B620
CCTACGTTCAAATAGG	B721
CCTACGTTCGTGGGAA	B64
CCTATCGAGAGTGGCT	B547
CCTCAACAGAGTCACG	B820
CCTCAACAGTGCAACG	B707
CCTCAACGTGCCCTTT	B243
CCTCAACTCTAACGGT	B945
CCTCAGTCAAAGCTAA	B837
CCTCAGTCAAGTGCTT	B207
CCTCAGTGTGGTGATG	B837
CCTCATGCACGGTAGA	B707
CCTCATGGTCTCTCAC	B750
CCTCCAATCTTCTCAA	B282
CCTCCTCCACCTATCC	B707
CCTCCTCGTTCAGCTA	B865
CCTCCTCTCACGAACT	B707
CCTCCTCTCGGTGTTA	B506
CCTCTAGAGGCGCTCT	B707
CCTCTAGCAACTGAAA	B885
CCTCTAGGTAGGTAGC	B528
CCTCTAGTCGATGGAG	B837
CCTCTCCGTCACTCAA	B399
CCTCTCCGTTATTCCT	B707
CCTCTCCTCCAATGCA	B531
CCTCTCCTCCCTCTTT	B547
CCTCTCCTCGCGGACT	B528
CCTGCATAGGAGGGTG	B837
CCTGCATCAAGCGCAA	B707
CCTGCATGTATGGTTC	B335
CCTGCATTCGCTCTCA	B707
CCTGTTGAGTTCAACC	B403
CCTGTTGCATACTTTC	B488
CCTGTTGGTCGCTGCA	B707
CCTGTTGGTCGGCTAC	B268
CCTTCAGCAGAACTTC	B837
CCTTCAGCAGGCTTGC	B837
CCTTCAGCATAGAGGC	B707
CCTTCAGCATTGACAC	B837
CCTTCAGGTGGAAGTC	B611
CCTTCAGGTGTTGCCG	B626
CCTTCAGTCACCCATC	B811
CCTTCAGTCCACGGAC	B838
CCTTGTGAGTGATAAC	B707
CCTTGTGCAAACAGGC	B707
CCTTGTGCAAATTGGA	B707
CCTTGTGCACAATGTC	B495
CCTTGTGGTCGTTGCG	B837
CCTTTGGAGTCGAGGT	B600
CCTTTGGTCCATCACC	B64
CCTTTGGTCTTCACAT	B707
CGAAGGAAGGTACATA	B707
CGAAGGACATCAGTGT	B707
CGAAGGAGTCTTGGTA	B707
CGAAGGAGTGCGGTAA	B44
CGAAGGATCATTACGG	B244
CGAAGGATCCACGGAC	B707
CGAAGGATCGAAACAA	B753
CGAAGTTCATCACAGT	B265
CGAAGTTGTACTGCCG	B691
CGAATTGAGTATCTGC	B811
CGAATTGGTACGATCT	B465
CGAGAAGCACAAGCTT	B683
CGAGAAGCACCAATTG	B916
CGAGAAGGTCTTTATC	B528
CGAGAAGTCGTTGTTT	B707
CGAGGAAAGAATCTAG	B784
CGAGGAAAGACCTTTG	B327
CGAGGAAAGTGCACTT	B32
CGAGGAACAAGGTCAG	B905
CGAGGAACACCAGTTA	B348
CGAGGAACAGTCAACT	B207
CGAGGAAGTATTGCCA	B707
CGAGGAATCAAGTCTG	B707
CGAGGAATCTAGGAAA	B234
CGAGGCTAGAATAGTC	B707
CGAGGCTAGCCTGTGC	B688
CGAGGCTAGCTCGACC	B941
CGAGGCTCAAGAGTGC	B895
CGAGGCTGTTGGATCT	B837
CGAGGCTTCACACCCT	B707
CGAGGCTTCTTCCTAA	B691
CGAGTGCAGTAGATCA	B129
CGAGTGCGTAACGCGA	B837
CGAGTTAAGTAGTCTC	B707
CGAGTTACAATGGCCC	B837
CGAGTTACAGAGTGTG	B184
CGAGTTACATTGACAC	B707
CGAGTTAGTTGTATGC	B837
CGAGTTATCAAGTGTC	B406
CGAGTTATCGGACTGC	B707
CGATCGGAGCCACAAG	B151
CGATCGGCAACTCGAT	B528
CGATCGGGTACGGGAT	B506
CGATCGGGTGTTCCTC	B357
CGATCGGGTTACACAC	B160
CGATCGGTCGTGGGTC	B442
CGATGCGAGAACGTGC	B837
CGATGCGAGAAGCCTG	B235
CGATGCGAGCACTTTG	B110
CGATGCGCATGAGGGT	B84
CGATGCGGTAGCGCCT	B837
CGATGGCAGGATTTGA	B837
CGATGGCTCACGAGGA	B567
CGATGGCTCCCAGTGG	B304
CGCAGGTAGAAATGGG	B707
CGCAGGTAGCACCAGA	B707
CGCAGGTCACAGGATG	B548
CGCAGGTCAGCCGGTT	B337
CGCAGGTGTACACTCA	B913
CGCAGGTGTCATCAGT	B707
CGCAGGTTCTTACCGC	B707
CGCATAACAGAGATGC	B707
CGCATAACATCTCAAG	B772
CGCATAAGTGAAAGTT	B72
CGCATAAGTGCAGATG	B838
CGCATAATCATGGGAG	B551
CGCATAATCTAGCCTC	B457
CGCATGGGTCACCGAC	B837
CGCATGGGTGCGAACA	B837
CGCATGGTCGTAGCCG	B55
CGCCAGACAATAACGA	B707
CGCCAGACAGCCTACG	B110
CGCCAGAGTGTTCCTC	B233
CGCCAGAGTTAGAAAC	B653
CGCCAGAGTTGCATAC	B384
CGCCATTAGATTGCGG	B695
CGCCATTCAGATCCTA	B72
CGCGTGAGTCTAACTG	B37
CGGAACCAGGAACGCT	B707
CGGAACCGTACAGTTC	B327
CGGAATTAGGCCTAGA	B837
CGGAATTCATAACGGG	B448
CGGACACAGAGCCTGA	B707
CGGACACAGGAGCAAA	B837
CGGACACCACCTGCGA	B337
CGGACACGTTACACAC	B707
CGGACACTCGTCTAAG	B707
CGGACACTCTAAGAAG	B854
CGGAGAAAGAAAGTCT	B837
CGGAGAACACCTGCGA	B282
CGGAGAAGTCACTCGG	B715
CGGAGAAGTTGGTGTT	B707
CGGCAGTCAATAGTGA	B528
CGGCAGTCAGGTGTTT	B707
CGGCAGTGTCTGTGCG	B282
CGGCAGTGTGGCTTGC	B265
CGGCAGTGTGTTCCAA	B837
CGGGACTAGACGAGCT	B86
CGGGACTAGATGGGCT	B478
CGGGACTAGGACACTG	B495
CGGGACTCAAGACAAT	B282
CGGGACTGTGGCTGAA	B557
CGGGACTGTTACGATC	B680
CGGGACTTCGATAACC	B581
CGGGACTTCGCTCTCA	B325
CGGGCATCACAACGAG	B459
CGGGCATCAGAGGGTT	B707
CGGGCATGTCTCTCCA	B707
CGGGCATTCGCGCTGA	B707
CGGGTCAAGGACGCTA	B319
CGGGTCACAAAGTATG	B518
CGGGTCACACTACCGG	B327
CGGGTCATCTTCTGTA	B707
CGGGTGTGTTTGATCG	B196
CGGGTGTTCCTATTGT	B104
CGGGTGTTCGCTGATA	B707
CGGTCAGAGCCTAGGA	B837
CGGTCAGGTACTCGAT	B707
CGTAAGTCAATTCTTC	B130
CGTAAGTTCCGGACGT	B720
CGTAAGTTCTTGTTAC	B129
CGTAATGAGAGCAACC	B707
CGTAATGAGCGACATG	B634
CGTAATGAGTAGATCA	B707
CGTAATGAGTTTAGGA	B837
CGTAATGTCCGTGGTG	B707
CGTAGTAAGAGGATGA	B649
CGTAGTAAGTGATAGT	B837
CGTAGTAGTCCTACGG	B707
CGTAGTAGTGTAAATG	B326
CGTAGTATCATTACTC	B837
CGTCCATCAATAGAGT	B184
CGTCCATCACTATGTG	B514
CGTCCATCATTAAAGG	B357
CGTGAATAGAACGCGT	B282
CGTGAATAGTATCCTG	B837
CGTGAATCACCGGCTA	B707
CGTGAATGTTGCTCCT	B837
CGTGAATTCGCTTGAA	B707
CGTGAATTCGTCGCTT	B656
CGTGATAAGGTACATA	B837
CGTGATACATAATCCG	B334
CGTGATATCGGACCAC	B528
CGTGATATCGGCTGTG	B340
CGTGCTTCAATCGTCA	B707
CGTGTCTAGCTGAGCA	B707
CGTTAGAGTGCCTACG	B852
CGTTAGATCCTTGGAA	B707
CGTTCTGGTACGCTTA	B607
CGTTCTGTCTGCGGCA	B695
CGTTGGGAGTATGACA	B327
CGTTGGGCACGCAGTC	B363
CGTTGGGCACTCATAG	B682
CGTTGGGGTCGCATCG	B707
CGTTGGGGTGAGATTA	B837
CGTTGGGGTGGAACAC	B787
CTAACCCAGACTACGG	B282
CTAACCCCAACCAACT	B707
CTAACTTGTATCATGC	B837
CTAACTTGTCTGCAAT	B340
CTAAGTGCAAGACCGA	B707
CTAAGTGGTCCTATAG	B707
CTAAGTGGTGAGTCAG	B327
CTACAGAAGTTTAGGA	B864
CTACAGACAACCGCCA	B682
CTACAGAGTGCAGGAT	B32
CTACAGATCCGATTAG	B640
CTACATTAGCCGAATG	B654
CTACATTCACGAGAAC	B707
CTACATTGTATCCTTT	B20
CTACATTTCATAGGCT	B337
CTACCCAAGTGATCGG	B837
CTACCCACAGGCAATG	B837
CTACCTGAGGAATCGC	B528
CTACCTGCAGCACACC	B428
CTACCTGGTCCAACGC	B528
CTACCTGGTCGTTGCG	B707
CTACCTGGTCTTGCGG	B707
CTACCTGGTGTCGCTG	B528
CTACCTGGTTAAAGTG	B707
CTACGGGCAGGTGACA	B707
CTACGGGGTAGTGTGG	B696
CTACGGGGTCATCCGG	B837
CTACTATCAGCGATTT	B494
CTACTATTCGGACCAC	B200
CTAGACAAGGTGAGCT	B707
CTAGACATCACTTTGT	B310
CTAGGTAAGCTTGTGT	B436
CTATAGGCACGTACTA	B707
CTATAGGGTACCCGCA	B707
CTATAGGTCGTAGTGT	B707
CTATCCGAGCGCATCC	B600
CTATCTAAGCAATAGT	B707
CTATCTACAGCAGTGA	B838
CTATCTAGTATTTCGG	B837
CTCAACCAGGTACAGC	B707
CTCAACCAGTGGTTAA	B838
CTCAACCCACTTGAGT	B528
CTCAACCCAGACAAGC	B837
CTCAACCCATGAGGGT	B327
CTCAACCGTTGCGTAT	B672
CTCAACCTCCCATAAG	B753
CTCAACCTCTGTTCAT	B707
CTCAAGAAGTAGAGTT	B844
CTCAAGAAGTGGATAT	B707
CTCAAGACAGTTAAAG	B707
CTCAAGAGTGGACCTC	B837
CTCAAGATCAACACCA	B838
CTCAATTAGTCATACC	B258
CTCAATTCATGGAACG	B837
CTCAATTGTCACTTCC	B707
CTCAATTGTCCCTAAA	B707
CTCACTGAGTCACAGG	B340
CTCACTGTCAATGCAC	B36
CTCACTGTCCCTTGTG	B707
CTCACTGTCGCTTGCT	B837
CTCAGAAAGGCATCTT	B327
CTCAGAACAGCGAACA	B707
CTCAGGGAGGATTCCT	B845
CTCAGGGGTCTTCTAT	B761
CTCAGGGTCAGGAGAC	B707
CTCAGGGTCCAGTTCC	B86
CTCAGTCAGACCATAA	B355
CTCAGTCAGATCCCGC	B837
CTCAGTCAGTGGTGGT	B707
CTCAGTCTCGGCTCTT	B636
CTCATCGAGCTCGGCT	B707
CTCATCGCAGGCCTGT	B707
CTCATCGGTTCCGCGA	B837
CTCATGCAGATACTGA	B58
CTCATGCCACTGTCGG	B916
CTCATGCGTAACGATA	B327
CTCATGCGTATGCAAA	B707
CTCATTAGTCAACACT	B282
CTCATTATCTCGGTAA	B528
CTCCAACTCGCCAGTG	B837
CTCCAACTCTTGGTGA	B837
CTCCACAAGTTGGAAT	B707
CTCCACACAGTTAGGG	B707
CTCCACAGTCTGTCCT	B815
CTCCACATCGATTGGT	B634
CTCCATGCAGAAATCA	B837
CTCCCAAAGATGAACT	B836
CTCCCAACAGAACTCT	B934
CTCCCAAGTCCAGCAC	B837
CTCCCAAGTTCTCAGA	B528
CTCCCAATCACACGAT	B707
CTCCCAATCATCTATC	B707
CTCCCAATCCCTCTTT	B453
CTCCCTCCACCAGACC	B707
CTCCCTCGTCATGACT	B613
CTCCCTCTCCGCCTAT	B707
CTCCGATAGTTCCGGC	B360
CTCCGATCATCGGTTA	B764
CTCCGATGTGTTCCAA	B843
CTCCGATTCCGTTGGG	B547
CTCCTCCTCGATTTCT	B707
CTCCTTTAGGCAGTCA	B64
CTCGAGGAGATCCAAA	B707
CTCGAGGCATGGACAG	B337
CTCTCAGAGTCGGCAA	B337
CTCTCAGAGTCTACCA	B707
CTCTCAGTCTCCTACG	B837
CTCTCGAAGACGCTCC	B32
CTCTCGAGTAGTCACT	B483
CTCTCGAGTTTACGAC	B707
CTCTCGATCCTGTAGA	B522
CTCTGGTAGAGCCGTA	B327
CTCTGGTAGGGAGTGG	B707
CTCTGGTAGTCGCGAA	B86
CTCTGGTTCCGCAACG	B837
CTGAATGGTTGTATGC	B570
CTGAGCGTCTAGCATG	B20
CTGAGGCAGAAACCCG	B374
CTGAGGCAGTGCTAGG	B707
CTGAGGCCAATCTCTT	B707
CTGAGGCCAGTCCCGA	B470
CTGAGGCGTGGAACAC	B640
CTGATCCAGCGAATGC	B868
CTGATCCAGTATGATG	B837
CTGATCCTCTGTCGTC	B86
CTGCAGGCACTGCACG	B754
CTGCAGGCAGACTGCC	B511
CTGCAGGTCCCATTCG	B707
CTGCATCAGACTACGG	B837
CTGCATCCAAGACGAC	B707
CTGCATCGTAGGCTCC	B753
CTGCCATAGGACTGGT	B563
CTGCCATCAGCTACCG	B941
CTGCCATGTATCTCGA	B707
CTGCCATGTCTCACGG	B311
CTGCCATTCCCACAGG	B414
CTGCCATTCCTTATCA	B707
CTGCCTAAGTCGAGGT	B676
CTGCCTACAGGTGACA	B297
CTGCCTAGTATCAGCT	B837
CTGCGAGGTCTTTCAT	B837
CTGCGAGGTGTCATCA	B95
CTGCTCAAGCGCCGTT	B34
CTGCTCAAGTAACGTA	B337
CTGCTCACAAAGTATG	B325
CTGCTCACAATACAGA	B837
CTGCTCACATGTGGCC	B680
CTGCTCAGTGCAATAA	B837
CTGCTCAGTTGAGGAC	B357
CTGCTCATCCATTTGT	B707
CTGCTCATCCTACCGT	B707
CTGGACGAGAAGCGCT	B802
CTGGACGGTATCGCTA	B707
CTGGACGTCCGACATA	B147
CTGGCAGAGTCCGCCA	B707
CTGGCAGAGTCTAGCT	B558
CTGGCAGCATGACCCG	B707
CTGGCAGGTACACGTT	B543
CTGGCAGGTTACACTG	B707
CTGGTCTAGGTACTGG	B707
CTGGTCTCAACTCATG	B707
CTGGTCTCATACCAGT	B578
CTGGTCTGTTACCTGA	B357
CTGTACCAGTAGTCCT	B838
CTGTACCAGTGGTTAA	B707
CTGTAGAGTCACCTTC	B707
CTGTAGATCGGCTGTG	B450
CTGTATTAGTCTTGGT	B736
CTGTATTCAGAAATCA	B348
CTGTATTGTCAGCTTA	B72
CTGTATTTCGCAATGT	B345
CTGTCGTTCGACCCAG	B707
CTGTCGTTCTCTCAAT	B707
CTGTGAACAAGTCGTT	B181
CTGTGAACAATGCAAA	B707
CTGTGAACACCGGAAA	B257
CTGTGAAGTAGACGTG	B707
CTGTGAAGTCTGTGAT	B837
CTGTGAAGTGACAGGT	B612
CTGTGAATCAGACTGT	B860
CTGTGGGCATTGGGAG	B101
CTGTGGGTCCCTTTGG	B707
CTGTGGGTCGCCTTGT	B808
CTTACCGAGAAATCCA	B385
CTTACCGAGCTGGTGA	B707
CTTACCGCACAGTGAG	B707
CTTACCGCACGGCGTT	B707
CTTAGGAAGTTACGAA	B837
CTTAGGAGTGTCTTAG	B181
CTTAGGAGTTAACCTG	B707
CTTAGGATCACATTGG	B640
CTTAGGATCCAAATGC	B488
CTTAGGATCGTTACCC	B707
CTTCAATAGCTAGAGC	B707
CTTCAATCAACACAAA	B837
CTTCAATGTACGCTAT	B707
CTTCAATGTAGCTGAG	B640
CTTCAATTCAACACGT	B707
CTTCAATTCTGGGTCG	B707
CTTCCGAAGACTGGGT	B837
CTTCCGAAGATTGCGG	B786
CTTCCGACACATATGC	B528
CTTCCGACACCAGTAT	B47
CTTCCTTCAAGATTGA	B707
CTTCCTTCAAGCACCC	B794
CTTCCTTTCACCACAA	B707
CTTCCTTTCTTAAGGC	B837
CTTCGGTAGCACTCTA	B707
CTTCGGTGTCAGGTGA	B876
CTTCGGTGTTTAGAGA	B707
CTTCGGTTCGGATAAA	B292
CTTCTAAAGACCCTTA	B490
CTTCTAAAGAGGTGCT	B528
CTTCTAACACACACGC	B295
CTTCTAAGTCTCGCGA	B837
CTTCTAAGTGAGCAGT	B707
CTTCTCTAGTGTCATC	B711
CTTCTCTGTGAACTAA	B707
CTTCTCTGTTGGAGAC	B687
CTTGATTGTGATAGAT	B265
CTTTCAAAGAGTTGCG	B707
CTTTCAAAGGGTATAT	B707
CTTTCAACATTCGATG	B585
CTTTCAAGTTCGGTCG	B410
CTTTCAATCCCATGGG	B337
CTTTCGGAGACATAAC	B707
CTTTCGGAGGTTCATC	B941
CTTTCGGAGGTTGAGC	B876
CTTTCGGAGTAGTCCT	B526
CTTTCGGGTGGTCCCA	B753
CTTTCGGTCTGGGTCG	B707
GAAACCTAGCCTGGAA	B707
GAAACCTGTAACAGTA	B282
GAAACCTTCTTTCAGT	B707
GAAATGACAGAGTTCT	B286
GAACACTAGGTGGCTA	B707
GAACACTCAATCAGCT	B837
GAACGTTCACGCACCA	B837
GAACGTTGTGTTCGTA	B707
GAACTGTCACAGCTGC	B707
GAACTGTCAGACAATA	B933
GAACTGTGTGACGTCC	B104
GAAGAATAGCGCATCC	B707
GAAGAATAGTGATTCC	B707
GAAGAATCACAGTACT	B282
GAAGAATTCTTGCGCT	B160
GAAGCCCAGGCTGTAG	B837
GAAGCCCCAGCATACT	B707
GAAGCCCGTACCGCGT	B707
GAAGCCCGTGGATTTC	B198
GAAGCCCTCAAGTAAG	B282
GAAGCCCTCTCCTACG	B60
GAAGCGAAGCGGACAT	B837
GAAGCGACAATAGTAG	B209
GAAGCGACACGACAAG	B325
GAAGCGATCAAAGACA	B707
GAAGGACCAAAGGGCT	B838
GAAGGACCACGTAGTT	B837
GAAGGACCAGCAGTAG	B707
GAAGGACCAGCTCGGT	B184
GAAGGACTCCAGGACC	B707
GAAGGGTAGGTTCTAC	B327
GAAGGGTCACACCTAA	B707
GAAGGGTGTTGTACGT	B707
GAAGTAAAGCTTACGT	B567
GAAGTAAAGGAGTCTG	B707
GAAGTAAAGTGGAATT	B923
GAAGTAAAGTTCCGGC	B282
GAAGTAAGTAGCTTTG	B282
GAAGTAAGTCCTGGTG	B688
GAATAGACACACTGGC	B509
GAATAGACACAGTACT	B707
GAATAGATCAACCGAT	B528
GAATCACAGCATATGA	B325
GAATCACAGCCACTCG	B707
GAATCACCAAGTACCT	B837
GAATCACTCGGCATCG	B707
GAATCGTTCATACGAC	B837
GACACGCAGTAGCTCT	B84
GACACGCTCGTTGTGA	B707
GACAGCCCATCATTTC	B101
GACAGCCTCATACGAC	B707
GACATCAAGAAGGTAG	B812
GACATCAAGAGCGACT	B707
GACATCAAGAGTGAAG	B707
GACATCAGTAGGAGTC	B447
GACATCAGTGGACAGT	B837
GACATCATCCAAGGGA	B707
GACCAATCAAACCACT	B707
GACCCAGAGGTCATCT	B837
GACCCAGAGTCCCGAC	B528
GACCCAGTCCCTCTTT	B837
GACCCAGTCTATCACT	B837
GACCCTTGTTGACTGT	B177
GACCCTTTCAACTCTT	B707
GACCCTTTCCCATAGA	B232
GACCTTCCACTTGTCC	B337
GACGCTGAGGCCTGAA	B528
GACGCTGGTAAGCAAT	B707
GACGCTGGTATCGCAT	B640
GACGCTGTCATCACAG	B327
GACGCTGTCGACCCAG	B707
GACGTTACAGGCTTGC	B735
GACGTTAGTCGCATTA	B707
GACGTTAGTGACCGTC	B707
GACTATGGTACAGAGC	B844
GACTATGGTCAGTTTG	B264
GACTATGTCATCAGTG	B528
GACTCAAAGAAAGTCT	B707
GACTCAAAGACACACG	B837
GACTCAAAGTATCTGC	B489
GACTCTCTCGGTGTTA	B742
GACTGATCACCTTCCA	B707
GACTGATGTGTGTACT	B707
GACTGATGTTGATCGT	B707
GACTGATTCCGACGGT	B337
GACTTCCAGCAAGGAA	B553
GACTTCCCAAATGGAT	B627
GACTTCCCAGCTATAC	B547
GACTTCCTCATCCTAT	B354
GACTTCCTCCCAGCGA	B858
GACTTCCTCTGCAGCG	B703
GAGAAATCAATTCTCT	B707
GAGAAATCAGTTGGTT	B640
GAGAAATGTGTATTGC	B490
GAGAAATTCACCATCC	B194
GAGACCCGTTGACTGT	B599
GAGACCCTCAGTGTTG	B838
GAGACTTCAAATCGGG	B905
GAGACTTCACGTACAT	B268
GAGACTTCAGCCTTCT	B707
GAGACTTGTATACAGA	B380
GAGAGGTTCCATTTCA	B327
GAGAGGTTCTCCAAGA	B707
GAGATGGAGAACCCGA	B327
GAGCCTGTCTCCCTAG	B564
GAGCTGCAGCTCGCAC	B707
GAGCTGCTCAACCGAT	B421
GAGCTGCTCATCACTT	B45
GAGCTGCTCTGGCTGG	B837
GAGGCAACACCTAAAC	B181
GAGGCAACATCTGTTT	B337
GAGGCAATCCGACAGC	B837
GAGGCAATCTGCGATA	B707
GAGGCCTCAACCTAAC	B549
GAGGCCTTCCGTGACG	B837
GAGGGATAGGCTTAAA	B184
GAGGGATCAGCAGTGA	B707
GAGGGATCAGTAGGAC	B64
GAGGGTAAGACATAAC	B258
GAGGGTACAATACGCT	B506
GAGGGTAGTACAATAG	B837
GAGGGTATCATAGAGA	B707
GAGGGTATCCTGGCTT	B32
GAGTCATAGAGACAAG	B837
GAGTCATAGTTACGGG	B707
GAGTCATAGTTACGTC	B707
GAGTCATCAAGGCTTT	B837
GAGTCATTCCCATTTA	B72
GAGTCATTCGTGGTAT	B837
GAGTGAGAGGCCATAG	B707
GAGTGAGAGTATGAGT	B707
GAGTGAGTCCCGTGTT	B454
GAGTGTTAGCTAAGTA	B707
GAGTGTTAGGGATCGT	B837
GAGTGTTAGTTGTCAC	B701
GAGTGTTGTGTTCGAT	B528
GAGTTACAGCTTTGTG	B837
GAGTTACAGTGTACAA	B707
GAGTTACCATTCCTCG	B537
GAGTTGTAGTGGAAGA	B707
GAGTTGTCAGATCCAT	B707
GAGTTGTCATTCACAG	B528
GAGTTGTTCAGCGCAC	B707
GAGTTTGAGGCAGGTT	B87
GAGTTTGGTCCCTGAG	B707
GAGTTTGGTCGTCGGT	B101
GAGTTTGTCCGAAGGA	B435
GAGTTTGTCCTCTAAT	B761
GATAGAAAGATTGGGC	B337
GATAGAACAAATGCTC	B838
GATAGAAGTCAGCTTA	B451
GATAGAATCATCGCTC	B707
GATAGCTAGATACCAA	B837
GATAGCTCATGGAATA	B337
GATAGCTGTCTCCTGT	B707
GATAGCTTCACAAGAA	B74
GATAGCTTCATTTGTC	B600
GATAGCTTCCACCTGT	B707
GATCACAAGTTCCGGC	B327
GATCACAAGTTGAATG	B265
GATCACACAACGCATT	B707
GATCACACAGCAATTC	B707
GATCACATCACTGGTA	B32
GATCACATCGAACGGA	B837
GATCAGTGTGATACAA	B707
GATCAGTGTTGAGAGC	B181
GATCAGTTCAGACATC	B337
GATCATGAGGTAAGTT	B265
GATCATGCAGAGAATT	B837
GATCATGGTAGAATGT	B837
GATCATGTCATGAAAG	B837
GATCATGTCCTATTTG	B314
GATCCCTGTTGCCGCA	B837
GATCCCTTCAATCCAG	B144
GATCGTAGTCTAGATC	B583
GATCGTATCGAGAATA	B640
GATGACTTCCCGAACG	B588
GATGACTTCGAACCAT	B707
GATGAGGCAATCGAAA	B420
GATGAGGGTCTAGATC	B707
GATGAGGGTGATTCTG	B743
GATGAGGTCTTGAGCA	B528
GATGATCCATCTAGAC	B707
GATGATCGTCGATTCA	B364
GATGATCGTCTTTCTA	B528
GATGATCTCCACGTAA	B837
GATGCTACATAGTCAC	B528
GATGCTAGTTAACAGA	B707
GATGCTATCCAGCCTT	B707
GATGCTATCCGCGAGT	B640
GATGCTATCGGCATTA	B251
GATGGAGGTCACCCTT	B837
GATGTTGAGACATGCG	B707
GATGTTGAGGAGAGGC	B226
GATGTTGCATATGAAG	B337
GATGTTGTCATTGCCC	B17
GATGTTGTCCTCTGCA	B393
GATGTTGTCTGCTCTG	B837
GATTCGAAGCCAACCC	B139
GATTCGACATCACGGC	B599
GATTCGAGTTTAGACC	B528
GATTCTTAGATTGACA	B427
GATTCTTCATTCACCC	B657
GATTCTTTCTGCTCTG	B360
GATTTCTAGTTGAATG	B707
GATTTCTCAGAATTCC	B613
GATTTCTCATGTGCCG	B477
GATTTCTGTCGATTTG	B707
GATTTCTGTCTAACTG	B465
GATTTCTGTTAACCTG	B337
GATTTCTTCAAGCTTG	B707
GCAACATAGAGGGTAA	B837
GCAACATAGCTGTTCA	B836
GCAACATGTCGAGTGA	B86
GCAACATGTCTACGTA	B431
GCAACATTCCACGTGG	B707
GCAACCGCACAATCTG	B707
GCACATAAGCTGCGAA	B300
GCACATACAATTTCTC	B707
GCACATACACTACCCT	B640
GCACATATCCGCATAA	B707
GCACGGTAGAGCTGCA	B528
GCACGGTTCATCGTAG	B184
GCACGTGAGAGTGGCT	B679
GCACGTGAGATGGTCG	B528
GCACGTGAGTTCCATG	B899
GCACGTGCACCCTGTT	B184
GCACGTGCATGACTTG	B867
GCACGTGCATTCGGGC	B837
GCACGTGTCACTCTTA	B640
GCACGTGTCGGAAACG	B20
GCACTAAAGCCTTCTC	B837
GCACTAAAGGAGTCTG	B608
GCACTAACACGAGAAC	B141
GCACTAAGTATCAAGA	B551
GCACTAAGTCATAGTC	B707
GCAGCCAAGCGAGTAC	B707
GCAGCCAAGGTAGTCG	B707
GCAGCCACAATACCTG	B707
GCAGCCACACAAAGTA	B837
GCAGCCAGTTCGGTTA	B837
GCAGCCATCGGTCACG	B67
GCAGCTGGTCGAACAG	B933
GCAGCTGGTTTGCCGG	B258
GCAGGCTAGAATCGCG	B63
GCAGGCTAGAGGTATT	B337
GCAGGCTGTAGCCAGA	B707
GCAGGCTTCATCGCCT	B707
GCAGGCTTCTAGTCAG	B707
GCAGTTACAGCCATTA	B325
GCAGTTAGTATTGCCA	B59
GCAGTTATCAGAGCGA	B129
GCAGTTATCCCTTGTG	B41
GCATCGGAGCGTATAA	B837
GCATCGGAGTAGCAAT	B837
GCATCGGCACTACCCT	B905
GCATCGGGTTCGGCCA	B707
GCATCGGTCTAAACGC	B838
GCATCTCAGAGCACTG	B707
GCATCTCCACCCTCTA	B759
GCATCTCCATGAGAAT	B388
GCATCTCGTCTACAGT	B837
GCATCTCGTTATGGTC	B707
GCATGATCACACCGAC	B528
GCATGATGTTGAAGTA	B37
GCATTAGGTTGAGGAC	B707
GCCAACGCAATCTCTT	B429
GCCAACGGTAGCGAGT	B837
GCCAACGTCAAGTCTG	B707
GCCAGCAAGAGGTTTA	B707
GCCAGCAAGGTCTGGA	B837
GCCAGCAGTGTTACAC	B876
GCCAGCAGTTCACGAT	B711
GCCAGGTAGCTTTGTG	B327
GCCAGGTGTATCAGCT	B707
GCCAGGTTCACTTCTA	B641
GCCAGGTTCGAGAATA	B707
GCCAGTGCACAGCCTG	B138
GCCAGTGGTATAGGAT	B456
GCCAGTGGTCCGATCG	B311
GCCAGTGGTTCCGCTT	B327
GCCAGTGGTTCCTTGC	B689
GCCAGTGGTTTCGCTC	B707
GCCAGTGTCACATACG	B707
GCCAGTGTCGCATTGA	B707
GCCAGTGTCTGTGCGG	B589
GCCATGGAGGAGGTTC	B86
GCCATGGAGTAACCGG	B139
GCCATTCAGGCGTTGA	B707
GCCATTCAGTAAGACT	B268
GCCATTCCACTATCGA	B305
GCCATTCGTAAGTTGA	B707
GCCATTCGTACAAACA	B707
GCCATTCGTGTTCCTC	B596
GCCCAGAAGCGAGTCA	B707
GCCCAGACAGATCACT	B650
GCCCAGATCAGCCTCT	B707
GCCGATGAGCCTGACC	B707
GCCGATGTCGCTCCTA	B337
GCCGTGACAGGTTACT	B837
GCCGTGAGTACAGAAT	B32
GCCGTGATCCGTGACG	B717
GCCTGTTAGACCATGG	B707
GCCTGTTGTCATAAAG	B761
GCCTGTTTCGTGCACG	B941
GCGAGAAAGCGCGTTC	B707
GCGAGAATCCATTCAT	B258
GCGATCGGTGCCGAAA	B707
GCGATCGTCCTACGAA	B282
GCGGAAAAGACGCCAA	B707
GCGGAAAAGTAAACAC	B9
GCGGAAAGTGACTAAA	B528
GCGGAAAGTTTACGTG	B486
GCGGAAATCCGTGTCT	B616
GCGGAAATCGTAATGC	B391
GCGGATCCAAGTAGTA	B457
GCGTGCAGTAGACGGT	B837
GCGTGCAGTGGATACG	B693
GCGTGCAGTGTCACAT	B707
GCTACAAAGATCACTC	B903
GCTACAAGTCTTAGTG	B707
GCTACAATCTTTGCAT	B707
GCTACCTAGTCGTCTA	B707
GCTACCTCAGGACAGT	B707
GCTACCTCATTGAGCT	B360
GCTACCTGTATCGTAC	B707
GCTACCTGTCTACGTA	B934
GCTCAAACAAAGGCGT	B941
GCTGAATAGCCATCCG	B258
GCTGCAGCAATAACCC	B707
GCTGCAGCAGAGACTG	B707
GCTGCAGGTGCATTTG	B707
GCTGGGTAGTTGTAGA	B811
GCTTCACAGGCTGTAG	B310
GCTTCACAGTCGGGAT	B707
GCTTCACGTAGACAGC	B707
GCTTCACTCTCAAAGC	B801
GCTTTCGGTTCGGTTA	B32
GCTTTCGTCCGGCAAC	B707
GGAACCCAGTGGTCAG	B56
GGAACCCCACGCAGTC	B518
GGAACCCCATTGGCAT	B707
GGAAGTGGTTAAGGAT	B905
GGAAGTGGTTATGACC	B707
GGAAGTGTCCAACACA	B528
GGAATCTAGAATGTTG	B104
GGAATCTAGGTCACAG	B707
GGAATCTCAATAACCC	B86
GGAATGGCATCGGTTA	B707
GGAATGGCATGTTTGG	B337
GGAATGGGTACACTCA	B38
GGAATGGTCTCGGTCT	B707
GGACGTCAGCACTAAA	B707
GGACGTCAGCCGCACT	B837
GGACGTCAGTTGAATG	B707
GGACGTCCACTTCTCG	B837
GGACGTCGTAAGATTG	B515
GGACGTCGTAGATTGA	B32
GGACGTCGTTCTCCTG	B837
GGACGTCTCCAGTGCG	B875
GGAGAACTCATGCGGC	B837
GGAGAACTCTACTGCC	B32
GGAGAACTCTCCATAT	B707
GGAGATGAGATGCCGA	B330
GGAGATGAGTAACGAT	B110
GGAGATGCAAGAGGCT	B707
GGAGATGCACAATGAA	B649
GGAGATGGTAGCTGCC	B55
GGAGATGTCGAGAATA	B707
GGAGCAAAGACATATG	B324
GGAGCAAAGACTCTTG	B707
GGAGCAAAGCAGGCTA	B837
GGAGCAACAATAGTGA	B489
GGAGCAACAGTAGATA	B707
GGAGCAAGTAGAGGAA	B31
GGAGCAAGTGTCGATT	B837
GGAGGATAGCAGGCAT	B32
GGAGGATAGCGATGAC	B32
GGAGGATAGGAGAATG	B181
GGAGGATAGGTCATCT	B837
GGAGGATAGGTGCCTC	B707
GGAGGATGTGTCTAAC	B707
GGAGGTACATGATAGA	B219
GGAGGTACATTCAGGT	B265
GGAGGTAGTGCAACGA	B247
GGAGGTATCACAATGC	B282
GGATCTAAGGAACTCG	B327
GGATCTAAGGCGTTAG	B528
GGATCTACAGAATCGG	B837
GGATCTAGTAGTGATA	B837
GGATCTAGTCAAAGCG	B707
GGATCTAGTGATACTC	B707
GGATCTAGTGCCGGTT	B707
GGATGTTAGATCACTC	B561
GGATGTTCATTCTTCA	B837
GGCACGTCACTCATAG	B183
GGCACGTGTTGCATTG	B838
GGCAGTCGTGGCTTGC	B837
GGCGTCAAGGTTTGAA	B707
GGCGTCAGTCTGTGTA	B197
GGCGTCAGTGCAATAA	B707
GGCGTCATCGTGGGTC	B265
GGCGTCATCTCGTCGT	B194
GGCTTGGGTTAGGACG	B547
GGCTTTCAGTAGCCAG	B923
GGCTTTCAGTTGGCGA	B837
GGCTTTCCAAGTGCAG	B837
GGGAAGTCAGAGACTG	B401
GGGAAGTGTGCGAGTA	B707
GGGAAGTTCGTTCAGA	B501
GGGACAAAGCTTGTTG	B528
GGGACAAGTGATTCTG	B649
GGGACCTAGTCCCTAA	B481
GGGACTCAGCTACGTT	B707
GGGACTCGTGCTCTCT	B138
GGGAGATAGTTAACAG	B327
GGGAGATCAGAAATTG	B265
GGGAGATGTATCCCAA	B528
GGGAGATGTTCAACGT	B477
GGGAGTAAGACGTCGA	B707
GGGAGTAGTGCTCTCT	B598
GGGAGTATCCAGCACG	B707
GGGATCCGTACCATAC	B282
GGGATCCGTACTTCCC	B327
GGGATCCTCAGGGTAG	B837
GGGATGAAGTTTCGAC	B707
GGGATGAGTAATACCC	B179
GGGATGATCTTCTGGC	B282
GGGCCATCAATAACCC	B856
GGGCCATCATACACCA	B368
GGGCCATTCCTACCAC	B32
GGGCGTTAGCATCAAA	B569
GGGCGTTCACCCATAA	B230
GGGCGTTGTCTAACTG	B528
GGGCGTTTCGTTAGAC	B528
GGGCTACAGCTGAAGC	B707
GGGCTACCAACGACAG	B837
GGGCTACGTCACGCTG	B387
GGGCTACGTGCTCGTG	B707
GGGCTACGTGTCCGGT	B38
GGGCTCAAGGGCAATC	B837
GGGCTCAGTTCGGCCA	B707
GGGCTCAGTTGCTCGG	B528
GGGCTCATCCCATAGA	B327
GGGTAGACAAAGACGC	B837
GGGTAGACAGTGTGGA	B707
GGGTAGACATAGACTC	B837
GGGTATTAGCCTCCAG	B707
GGGTATTAGGGCGAAG	B337
GGGTATTCAGGTTACT	B707
GGGTATTCATGACGGA	B837
GGGTATTCATGGGATG	B528
GGGTATTGTATTCCGA	B938
GGGTATTTCCCAGCGA	B867
GGGTCACAGGTTCTTG	B707
GGGTCACGTCACTTAG	B838
GGGTCTGAGCTCCCTT	B837
GGGTCTGAGTGTCATC	B268
GGGTCTGGTATGGAAT	B916
GGGTCTGTCCACGTGG	B125
GGGTGAAAGGATGAGA	B325
GGGTGAACACGCAGTC	B282
GGGTGAAGTGCGCTCA	B707
GGGTGAATCAATCAGC	B837
GGGTGAATCACTCACC	B837
GGGTGAATCAGAGCGA	B129
GGGTGTCGTTGACTGT	B707
GGGTGTCTCATTGTGG	B210
GGGTGTCTCCATCAGA	B528
GGGTTATCAATAACCC	B212
GGGTTATCAGATCCAT	B707
GGGTTATTCCTGCTAC	B707
GGGTTTAGTTGGGATG	B707
GGGTTTAGTTGGGCCT	B695
GGTAACTTCACGGAGA	B529
GGTAATCGTCAGGTGA	B827
GGTAGAGGTATGGAAT	B528
GGTAGAGTCACAAGGG	B707
GGTAGAGTCGCATGAT	B707
GGTCACGAGAGAGTTT	B837
GGTCACGGTCAAACGG	B528
GGTCACGGTGGGTATG	B247
GGTCACGGTTCAAGTC	B837
GGTCTGGGTCTCACGG	B850
GGTCTGGGTTAATCGC	B707
GGTCTGGTCGTAACTG	B528
GGTGAAGCAGGTATGG	B707
GGTGAAGGTGACGTCC	B325
GGTGAAGTCACGGGAA	B707
GGTGATTGTCAAGCCC	B385
GGTGATTGTGCCGTTG	B622
GGTGGCTCATCCCGTT	B707
GGTGGCTGTATACCTG	B707
GGTGGCTGTCTCGGAC	B707
GGTGGCTGTGGTATGG	B905
GGTGGCTTCACGAGGA	B707
GGTGGCTTCCTTATAC	B52
GGTGTCGGTAGCCAGA	B37
GGTGTCGGTGGAAATT	B278
GGTGTCGTCCGATGTA	B441
GGTGTCGTCGAGCCTG	B707
GGTGTTAAGATGAATC	B515
GGTGTTAGTCCCTCAT	B707
GGTTAACGTAGGCAAC	B528
GGTTCTCAGACTGAGC	B640
GGTTCTCAGATGTTGA	B293
GGTTCTCCAGATGCGA	B837
GGTTCTCGTACGAAAT	B392
GGTTCTCGTGCAATAA	B837
GGTTGTACACTACCGG	B603
GGTTGTACATTAAAGG	B614
GGTTGTAGTAACAGGC	B586
GGTTGTAGTACTAGCT	B837
GGTTGTAGTCATCGGC	B856
GTAACACCATCACGGC	B707
GTAACACGTATCGGTT	B707
GTAACCACACTGGCGT	B707
GTAACCATCATGGATC	B707
GTAAGTCAGGGTGAGG	B433
GTAAGTCCACTACCGG	B640
GTAAGTCCAGAAATTG	B837
GTAAGTCCATGGGAAC	B135
GTAAGTCTCGCTAATG	B337
GTAAGTCTCGCTTACC	B268
GTAATCGAGGTAGACC	B711
GTAATCGGTGAGCCAA	B337
GTAATGCCATGAAGGC	B32
GTACAACCAGTGCCTG	B649
GTACAACGTTCGAAGG	B69
GTACAACTCCGAGCTG	B837
GTACAGTAGCTGGCCT	B707
GTACAGTCAACAGATA	B794
GTACAGTGTGTCATGT	B707
GTACAGTTCAGATTGC	B506
GTAGAAAAGAACAAGG	B682
GTAGAAAAGATGAAGG	B535
GTAGAAAAGGCTAAAT	B707
GTAGAAACAGGCATTT	B837
GTAGAAACATAGCTGT	B723
GTAGAAAGTGAAGCGT	B649
GTAGAAATCTATACTC	B707
GTAGAGGAGCCTGAGA	B420
GTAGAGGCACCCTGAG	B258
GTAGAGGCAGTCTTCC	B707
GTAGAGGCATGTCTAG	B506
GTAGAGGTCTGAATCG	B327
GTAGATCAGTATGAAC	B812
GTAGATCCACCAGTTA	B837
GTAGATCGTGCAATAA	B528
GTAGATCGTGTGTACT	B707
GTAGATCTCGTCTAAG	B707
GTAGCTAAGACCAAGC	B146
GTAGCTAAGGTAGCAC	B795
GTAGCTACATACTTTC	B837
GTAGCTAGTGCTGCAC	B837
GTAGGAGAGGTGATAT	B337
GTAGGAGCAATTTCTC	B707
GTAGGAGGTCGCATGC	B528
GTAGGAGGTGGTATGG	B707
GTAGGTTGTAGATTGA	B443
GTAGGTTGTGCACATT	B707
GTAGGTTGTGCTCTCT	B637
GTAGTACCAGACCTAT	B325
GTAGTACTCTTTGCTA	B325
GTATTGGAGAATGTTG	B600
GTATTGGAGGTTGTTC	B672
GTATTGGGTATCGAGG	B86
GTATTGGGTATTTCTC	B528
GTATTTCCAGGGAATC	B693
GTATTTCGTCAGGTGA	B871
GTATTTCGTTGTGTAC	B838
GTCAAGTCAGACCAGA	B707
GTCACGGCAAGGCGTA	B532
GTCACGGCAAGTATCC	B837
GTCACGGCAGGTTCCG	B707
GTCACGGTCGGCCCAA	B837
GTCACGGTCGTCAACA	B707
GTCACGGTCTTCTGGC	B707
GTCACTCAGTCACACT	B528
GTCACTCGTACTAGCT	B327
GTCAGCGAGTGAGCCA	B707
GTCAGCGTCCTTGAAG	B855
GTCAGCGTCTACCCAC	B837
GTCATCCCAAATCAGA	B530
GTCATGAAGATTGAGT	B707
GTCATGAAGTCATCGT	B488
GTCATGACACTACTTT	B837
GTCATGACAGCTGTGC	B917
GTCATGAGTCCAACGC	B837
GTCCCATCAAAGGGCT	B454
GTCCCATTCTACTCAT	B265
GTCCCATTCTCTGAGA	B837
GTCCTCACATAGAATG	B837
GTCCTCAGTACAGTAA	B528
GTCCTCAGTAGCGTCC	B707
GTCCTCATCATGCATG	B707
GTCGCGACACGCAAAG	B837
GTCGCGATCCACAGCG	B942
GTCGCGATCCATCGTC	B528
GTCGTAAAGCACTTTG	B756
GTCGTAAGTTACAGCT	B837
GTCGTAATCTTTACAC	B700
GTCGTTCGTCTGTCCT	B327
GTCGTTCGTTAGCGGA	B707
GTCTACCGTTGCCGCA	B425
GTCTACCTCTTGCAGA	B707
GTCTAGAAGAATTGCA	B509
GTCTAGAAGACGTCCC	B707
GTCTAGAAGTGCTCAT	B649
GTCTAGATCGGAAGGT	B322
GTCTCACGTATCAAGA	B707
GTCTCACTCAAGTGTC	B837
GTCTCACTCTGCCTGT	B837
GTCTGTCAGCGTCTCG	B794
GTCTGTCCAGAGTCTT	B837
GTCTGTCGTAAGACCG	B707
GTCTGTCGTCTCAGAT	B707
GTCTTTAAGCCTAGGA	B707
GTCTTTAGTGATGTAA	B837
GTGACGCAGCATACTC	B707
GTGACGCCAGGCCCTA	B707
GTGAGCCTCATGCGGC	B96
GTGAGCCTCTCAGGCG	B707
GTGAGGACAACGACTT	B707
GTGAGGAGTATACCCA	B837
GTGAGGATCGAAGCAG	B837
GTGAGTTTCAAGGCTT	B836
GTGAGTTTCAGTGGGA	B526
GTGATGTAGGGACCAT	B707
GTGATGTAGTCACACT	B438
GTGATGTTCGTTCATT	B837
GTGCACGAGTCTCTGA	B551
GTGCACGGTGCCCAGT	B495
GTGCACGGTTGGGACA	B876
GTGCAGCCAATGAACA	B515
GTGCAGCCAGAAATCA	B277
GTGCAGCCATAACAGA	B541
GTGCGTGCAGACATCT	B140
GTGCGTGCATTGCAAC	B682
GTGCGTGTCAACCTCC	B282
GTGCTGGAGAACCGCA	B84
GTGCTGGAGGATGGCT	B327
GTGCTGGAGGATTTCC	B420
GTGCTGGCAACATACC	B640
GTGCTGGCAGCGTGAA	B707
GTGCTGGGTCCTATAG	B528
GTGCTGGGTCGAATTC	B707
GTGCTTCCAGCTGTCG	B337
GTGCTTCTCCTGGGAC	B837
GTGGAAGAGGCTTAGG	B539
GTGGAAGCAATAGGGC	B20
GTGGAAGCAATAGTCC	B707
GTGGAAGGTAGGTTTC	B797
GTGGAAGTCATGTCAG	B327
GTGGAGACAACGATTC	B838
GTGGAGACAGACAAAT	B707
GTGGAGAGTCGAGATG	B528
GTGGAGAGTGCCTTTC	B363
GTGGAGAGTTCACCGG	B837
GTGGAGATCAACGAGG	B707
GTGGCGTAGCTCGCAC	B837
GTGGCGTAGGGACAGG	B707
GTGGCGTCACTGGCCA	B707
GTGGCGTCAGCCTATA	B707
GTGGCGTGTCTACTGA	B837
GTGGCGTGTGTCGCTG	B84
GTGGCGTGTTGTCCCT	B837
GTGGCGTTCCACTGAA	B67
GTGGCGTTCGCTGCGA	B551
GTGGGAAAGCACGGAT	B553
GTGGGAAAGGTCCCGT	B420
GTGGGAAAGTCAGCGA	B230
GTGGGAACACCATTCC	B837
GTGGGAAGTGTGATGG	B682
GTGGGAATCCGGCAAC	B129
GTGGTTACAGTCGGTC	B837
GTGGTTAGTTACGTAC	B854
GTGGTTATCCATAGAC	B707
GTGTAACAGCCATTTG	B707
GTGTAACCATTGAGCT	B38
GTGTCCTAGTCTTCGA	B327
GTGTCCTAGTTCAACC	B100
GTGTCCTCAGCAGTCC	B611
GTGTCCTGTTTACTGG	B707
GTGTCCTTCGTCCTTG	B905
GTGTGGCCAACGTTAC	B837
GTGTGGCCAATCAGCT	B837
GTGTGGCCAGCGTATT	B837
GTGTGGCGTGGCGCTT	B707
GTGTTAGAGAGTGGCT	B327
GTGTTAGAGCTACTAC	B905
GTGTTAGAGTGGATAT	B707
GTGTTAGCAGAGAGGG	B327
GTGTTAGCAGAGCGTA	B327
GTGTTAGGTACGAAAT	B265
GTGTTAGGTAGACACG	B707
GTGTTCCCAACTGCCG	B794
GTGTTCCTCAGTCAGT	B327
GTGTTCCTCTCTTAAC	B916
GTTACAGAGGGTGGGA	B683
GTTACAGCACGTAGTT	B837
GTTACAGCATATAGCC	B707
GTTACAGTCCAACTAG	B887
GTTACAGTCTATCGCC	B837
GTTACCCAGGCCGCTT	B707
GTTACCCGTATATGGA	B707
GTTACCCGTGGACTGA	B907
GTTACCCTCATTATCC	B390
GTTACGAAGAGCCTGA	B750
GTTACGAAGTTGAAGT	B62
GTTACGACAGATCCTA	B501
GTTAGACAGACAACTA	B528
GTTAGACCAGCTAACT	B837
GTTAGACGTATCGATC	B707
GTTAGACTCTACTGAG	B86
GTTAGTGCAACCCTCT	B837
GTTAGTGCACCGAATT	B265
GTTAGTGCACCTCAGG	B707
GTTAGTGGTCAAATCC	B688
GTTAGTGTCGGCTGGT	B649
GTTATGGAGACATGCG	B327
GTTATGGCAAGCCCAC	B454
GTTATGGGTGGGATTG	B528
GTTCATTAGTGAGCCA	B850
GTTCCGTCAGCAGAAC	B474
GTTCCGTCATTGACCA	B837
GTTCCGTGTCATAGTC	B86
GTTCGCTAGCATGCGA	B837
GTTCGCTCATCCTTCG	B707
GTTCGCTGTACTTGTG	B101
GTTCGCTGTCGCACGT	B333
GTTCTATAGAAACTAC	B282
GTTCTATTCCTAGAGT	B837
GTTGAACTCGTAGCTA	B356
GTTGCGGAGTGGAAGA	B528
GTTGCGGTCTATCGCC	B528
GTTGCTCCACGGCACT	B640
GTTGCTCCATTAGGAA	B21
GTTGTAGAGAAGTATC	B55
GTTGTAGGTGCGACAA	B707
GTTGTAGGTTGTGGCC	B282
GTTGTCCAGCTCCCTT	B707
GTTGTCCCAGAGGTAC	B837
GTTGTCCGTATTCTCT	B707
GTTGTCCGTCTAATCG	B707
GTTGTCCGTGGTAACG	B707
GTTGTCCTCCCGTGAG	B837
GTTGTGACAACACAAA	B707
GTTGTGAGTATGATCC	B769
GTTGTGATCTCCGTGT	B435
GTTTACTAGACCATGG	B572
GTTTACTAGGATGCGT	B101
GTTTACTCAACGGTAG	B707
GTTTACTGTCCCTCAT	B707
GTTTACTGTCCTCATC	B682
GTTTACTGTGAGCCAA	B707
GTTTACTTCTATCGGA	B683
GTTTGGAAGACATGCG	B528
GTTTGGAAGCAGCACA	B382
GTTTGGAAGTCGTCTA	B707
GTTTGGACACATGAAA	B707
GTTTGGAGTAGTGTGG	B707
GTTTGGAGTATCGCTA	B860
GTTTGGAGTCCACGCA	B594
GTTTGGATCGTTCGCT	B327
TAACACGCAGCGCTTG	B747
TAACACGTCGCTCATC	B458
TAACCAGAGCGAGTAC	B707
TAACCAGCAGACCGCT	B858
TAACCAGGTGAGACGT	B707
TAACCAGGTGCAGATG	B44
TAACCAGGTTACCGTA	B32
TAACGACAGAAGCCAC	B932
TAACGACCAATGAACA	B160
TAACGACGTGTCCGTG	B707
TAACGACGTTTACGAC	B841
TAACGACTCCTCGATC	B707
TAACTTCCAATACCCA	B707
TAACTTCCACCCTGTT	B337
TAACTTCCAGTTCACA	B837
TAACTTCGTGCTGCAC	B528
TAACTTCTCACGTCCT	B268
TAAGCACGTGACACAG	B898
TAAGCCAAGAGAACCC	B528
TAAGCCACACCACTGG	B707
TAAGCGTAGGCCTTGC	B838
TAAGCGTCACGCTTAA	B327
TAAGTCGCAGGCGAAT	B837
TAAGTCGCATTAAGCC	B707
TAAGTCGGTAAGCTCT	B528
TAAGTCGGTGACTAAA	B707
TAAGTCGTCTTTGCAT	B837
TAATCTCAGGCACGAT	B707
TAATCTCAGGTAAACT	B518
TAATCTCAGTTTAGGA	B707
TAATCTCGTTGACTGT	B333
TAATCTCTCAGATTGC	B258
TAATTCCCAAGGGCAT	B325
TACAACGAGAAGGATG	B268
TACAACGAGACGATAT	B707
TACAACGAGTTAGTAG	B528
TACACCCAGCAGGCTA	B504
TACACCCCAACCGTGC	B707
TACACCCGTACCCGCA	B247
TACACCCGTTCAGCGC	B707
TACACCCTCCTGTTAT	B325
TACAGGTAGATTTGCC	B707
TACAGGTAGCAACAAT	B707
TACAGGTAGCGACTTT	B707
TACAGGTAGGAGAGGC	B707
TACATTCCAGGAGGAG	B242
TACATTCGTAACATAG	B528
TACATTCGTTACGCCG	B931
TACCCACAGAATCGTA	B937
TACCCACCACTGTGAT	B707
TACCCACGTGAGAGGG	B528
TACCCGTAGTTACGAA	B707
TACCCGTCAACACTAC	B838
TACCCGTGTATGAAAC	B729
TACCCGTGTGTTCATG	B750
TACCCGTTCTAGTCAG	B707
TACCCGTTCTCCATAT	B13
TACCGAAAGGCGATAC	B528
TACCGAACAGTTGTCA	B417
TACCGAATCACCATAG	B707
TACCGGGTCATGTCTT	B837
TACCTCGAGAAGGGAT	B574
TACCTCGAGCGCTTCG	B707
TACCTCGAGTATGACA	B707
TACCTGCAGAGCTGAC	B837
TACCTGCAGGCAGCTA	B875
TACCTGCAGTTCCTGA	B707
TACCTGCGTTGCCAAT	B833
TACCTGCTCAGCCTCT	B705
TACGCTCAGTACCCTA	B707
TACGCTCCACGCTGCA	B554
TACGGGCAGTCTAACC	B812
TACGGGCCACATGAAA	B29
TACGGGCTCCACTAGA	B32
TACGGGCTCCGAGCTG	B837
TACGGTACACATCCCT	B136
TACGGTAGTACGACAG	B837
TACGTCCCAAACTAAG	B847
TACGTCCGTCTCCCTA	B184
TACGTCCGTGTGATGG	B171
TACGTCCTCTACCACC	B837
TACTGCCCAATCGCAT	B837
TACTTACAGAGTTCGG	B892
TACTTACAGCGGCTCT	B837
TACTTACGTACTGCCG	B382
TACTTCAAGGTTGCCC	B17
TACTTCAAGTAACCTC	B711
TACTTCATCCTATGGA	B360
TACTTCATCGTAACCA	B678
TACTTGTGTGGGTCAA	B327
TACTTGTGTTGGCCTG	B863
TAGACCAAGAATAGTC	B898
TAGACCAAGGGAGATA	B682
TAGACCACAAACTCTG	B784
TAGACCACACGTGTGC	B104
TAGACCAGTACTCCGG	B707
TAGACCATCCGAAATC	B753
TAGACTGAGCGAGTAC	B803
TAGACTGCAATCTAGC	B836
TAGACTGGTAAGAACT	B707
TAGACTGGTTAGGGTG	B364
TAGAGTCAGCAAATGT	B707
TAGAGTCTCGACCTAA	B800
TAGATCGGTTTGGGAG	B837
TAGCACAGTGTGTACT	B707
TAGCACAGTTAGAAGT	B824
TAGCACATCTGCACCT	B351
TAGGAGGCACACAGAG	B837
TAGGAGGCACTCTAGA	B837
TAGGAGGGTCCACAGC	B837
TAGGGTTGTTCTGACA	B684
TAGGTACAGGAAGTGA	B367
TAGGTACAGGCATTTC	B707
TAGGTACGTCACCGCA	B707
TAGGTACGTGATACCT	B836
TAGGTACGTTAAGGGC	B528
TAGGTACGTTGGATCT	B707
TAGGTACTCCGTACGG	B707
TAGGTACTCGCATAGT	B837
TAGGTACTCTGAGAGG	B515
TAGGTTGCAGAGGTTG	B707
TAGGTTGCAGTGCGCT	B282
TAGGTTGTCATGGTAC	B788
TAGTGCATCCTATTTG	B707
TATACCTAGGGTTGCA	B37
TATACCTCACAGGATG	B707
TATACCTGTCGCAACC	B850
TATACCTGTGCAACGA	B88
TATATCCAGCATTTCG	B707
TATATCCCAGACCATT	B835
TATATCCGTAGAGACC	B86
TATATCCTCAGTGGGA	B282
TATATCCTCCCTCTTT	B707
TATCAGGAGGCTCAAG	B837
TATCAGGCAGATCCAT	B837
TATCAGGCATCGTGGC	B707
TATCAGGCATCGTTCC	B613
TATCAGGGTCACCACG	B311
TATCAGGTCTGATTCT	B707
TATCCTAAGCCTATTG	B445
TATCCTAGTGTCTCCT	B837
TATCCTAGTTAAAGTG	B420
TATCGCCAGCTACGTT	B473
TATCGCCCAATCCTAG	B640
TATCTGTAGTCGCTAT	B72
TATCTGTGTGACACAG	B927
TATCTTGCAAGTGGTG	B905
TATGTTCGTGCTAGCC	B32
TATGTTCTCTCGCGTT	B528
TATTCCAAGGTTAGTA	B707
TATTCCAAGTACCGGA	B707
TATTCCACATCCTTGC	B717
TATTCCATCAGGGTAG	B335
TATTGCTAGTCACTAC	B32
TATTGCTCACTTCCTG	B24
TATTGCTGTCATAACC	B794
TATTGCTGTTAACAGA	B707
TATTGCTTCTGCGAGC	B836
TATTGGGAGAGTTGAT	B642
TATTGGGAGCATAGGC	B327
TATTGGGCAAGGTTGG	B337
TATTGGGGTCAACACT	B707
TATTGGGTCCCTCGTA	B32
TATTGGGTCGTAGCCG	B402
TATTTCGCAAATTGGA	B837
TATTTCGCACATACTG	B707
TATTTCGCATAGTCAC	B566
TATTTCGTCCACCTGT	B836
TCAAGCAAGCACACCC	B923
TCAAGCAAGCTCTGTA	B837
TCAAGCAAGGAACGCT	B110
TCAAGCAAGGTCGAGT	B340
TCAAGCAAGTAAGCAT	B572
TCAAGCAGTCGATGCC	B778
TCAAGCAGTTACTCAG	B360
TCAAGCAGTTCCAAAC	B933
TCAAGCAGTTGTCATG	B837
TCAAGTGGTTGTTGCA	B707
TCAAGTGGTTTGCCGG	B337
TCAATCTCACTGTCGG	B905
TCAATTCCACCGCTGA	B707
TCACAAGCACAAGCCC	B837
TCACAAGCAGCAGTCC	B838
TCACAAGCAGCATGCC	B837
TCACAAGGTCGATTTG	B337
TCACAAGTCGCGTTTC	B837
TCACAAGTCGGACCAC	B707
TCACACCAGAGACAAG	B265
TCACACCAGCACTTTG	B837
TCACACCCATCACAGT	B337
TCACATTCATGCCGGT	B457
TCACATTGTCGCATTA	B707
TCACATTTCACCGCTT	B335
TCACATTTCCCTCGAT	B837
TCACATTTCCTCTTTC	B836
TCACGCTAGAAAGCGA	B834
TCACGCTGTTCTCGTC	B707
TCACGGGAGGGAGTGG	B707
TCACGGGCAAAGACGC	B836
TCACGGGGTGATAGTA	B753
TCACGGGGTTAGAGAT	B837
TCACTATCAGAGGGTT	B837
TCACTCGCAATGTCTG	B837
TCACTCGCAGTTAAAG	B837
TCACTCGTCCTTCTGG	B282
TCAGCAAAGTAGCTCT	B707
TCAGCAACACCCAACG	B795
TCAGCAATCTGTTGGA	B707
TCAGCCTAGCTACTGT	B686
TCAGCCTAGTATGACA	B337
TCAGCCTGTGATACTC	B528
TCAGCCTTCGGCAGTC	B547
TCAGCCTTCTTGCAAG	B282
TCAGGGCTCATGTCAG	B327
TCAGTCCAGGGCAGGA	B707
TCAGTCCGTTGTCAGT	B258
TCAGTCCTCAAGAAAC	B707
TCAGTCCTCTCGTCGT	B750
TCAGTGACACTCATAG	B501
TCAGTGAGTGCAGTGA	B853
TCAGTTTAGATCCGAG	B707
TCAGTTTGTAAGGCCA	B707
TCAGTTTTCGCCTTTG	B837
TCATACTAGAGTTGAT	B357
TCATACTCATGTGTCA	B227
TCATACTGTCGGCACT	B337
TCATATCAGCTCCCTT	B837
TCATATCCATCTGCGG	B487
TCATATCGTCTACTGA	B837
TCATATCTCCTACGAA	B641
TCATCATCAGCTACAT	B874
TCATCATGTGGAACAC	B837
TCATCATGTTAATCGC	B707
TCATCATTCCAACCAA	B750
TCATCCGGTGGCAGAT	B397
TCATCCGTCAGTGGGA	B488
TCATCCGTCATGAGAA	B885
TCATCCGTCTGGCCAG	B265
TCATGAGAGATGTTAG	B72
TCATGAGAGGCTCAAG	B887
TCATGAGCAGCGAACA	B707
TCATGAGTCATGAGTC	B838
TCATGAGTCTCCTACG	B707
TCATGAGTCTTGTTAC	B707
TCATGCCCAAACGTGG	B707
TCATGCCCAAAGGATT	B707
TCATGCCGTAAGTTGA	B370
TCATGGATCGGAAACG	B672
TCATGTTAGAGCCGTA	B837
TCATGTTCAAGTGCAG	B640
TCATGTTGTACGTACT	B707
TCATGTTTCACTCACC	B265
TCATGTTTCATTTACC	B901
TCATTACAGAAACTGT	B707
TCATTACAGGTCGTAG	B707
TCATTACAGTGATAAC	B291
TCATTACCAGTTCTAG	B707
TCATTACCATGTGACT	B837
TCATTACGTCAACGCC	B207
TCATTACGTGTCTTAG	B356
TCATTACTCCCATTTA	B268
TCATTCAAGAGGTCGT	B707
TCATTGTAGAGTATAC	B649
TCATTGTAGGAGAGGC	B707
TCATTGTCAACAAGAT	B282
TCATTTGAGACGACGT	B528
TCATTTGGTAGCTGTT	B707
TCCACCAGTTCGGTAT	B707
TCCACCATCCCATGGG	B705
TCCACCATCTGTTGGA	B707
TCCACGTGTATTGAGA	B258
TCCATCGAGAGGTCGT	B707
TCCATCGAGGCACAAC	B529
TCCATGCAGGTGCAGT	B707
TCCATGCCACCGAATT	B837
TCCATGCGTGCCCAGT	B680
TCCATGCTCAGAGCGA	B203
TCCATGCTCTTGCAAG	B837
TCCCACAAGTGCGACA	B723
TCCCACACACCCAAGC	B72
TCCCACACACGGCACT	B421
TCCCAGTAGCGACTAG	B707
TCCCAGTGTTGCTCGG	B282
TCCCAGTTCAAGGTGG	B329
TCCCAGTTCTCGGTAA	B286
TCCCATGAGCACCCAC	B680
TCCCATGAGCCTTTCC	B707
TCCCATGGTTCGTGCG	B707
TCCCATGTCATTTCGT	B707
TCCGAAAAGGGCCCTT	B837
TCCGAAAGTCTACACA	B528
TCCGAAATCGGAACTT	B707
TCCGGGAAGATCCGAG	B265
TCCGTGTCACCCTCTA	B707
TCCGTGTTCTACACAG	B6
TCCTAATAGAATGTTG	B282
TCCTAATAGGTCCCGT	B707
TCCTAATGTAGATTGA	B707
TCCTAATGTCGCGGTT	B327
TCCTAATGTCTGTGGC	B742
TCCTAATGTTGTCTAG	B707
TCCTAATTCTCGGGAC	B282
TCCTCCCAGCTAATGA	B707
TCCTCCCAGTGGATAT	B327
TCCTCGAAGGCACCAA	B707
TCCTCGAAGGTACAAT	B837
TCCTCGAAGGTCCTGC	B713
TCCTCGACATAACTCG	B707
TCCTCGAGTGTGACCC	B794
TCCTCTTCACTTCCTG	B528
TCCTCTTTCGCTGACG	B575
TCCTGCACAGGAATCG	B837
TCCTGCAGTCTGTAGT	B640
TCCTGCAGTGTAACGG	B688
TCCTTCTCACATGGTT	B707
TCCTTTCAGAATAGTC	B862
TCCTTTCAGACCTGGA	B707
TCCTTTCAGTTAACGA	B837
TCCTTTCCAATAGGAT	B528
TCCTTTCCAGTAGGAC	B741
TCGAACAAGAAGTATC	B706
TCGAACAAGAGAGCGG	B707
TCGAACACAAGCCTGC	B699
TCGAACACACCCTTGT	B420
TCGAACAGTGACCGAA	B707
TCGAACAGTTCTAACG	B837
TCGAAGTGTAACACCT	B710
TCGAAGTTCAAACTGC	B349
TCGAAGTTCTGATGGT	B32
TCGACCTAGGTAAACT	B675
TCGACCTTCAAAGGTA	B337
TCGACGGCACCAGCGT	B528
TCGACGGTCACCTTAT	B640
TCGACGGTCATCGACA	B812
TCGATTTCAAGGGCAT	B86
TCGATTTCATACAGCT	B707
TCGATTTGTGTTGACT	B707
TCGATTTGTTGTATGC	B680
TCGCACTTCTCTCAAT	B750
TCGCAGGAGGACTATA	B469
TCGCAGGCATGGACAG	B337
TCGCAGGCATGTTTGG	B837
TCGCTCATCCTCCACA	B528
TCGCTTGAGCCTCAGC	B812
TCGCTTGCAGATACCT	B750
TCGCTTGGTATCCCAA	B707
TCGGATAGTAACTTCG	B482
TCGGGCACAATACGAA	B837
TCGGGCACAGCAGTGA	B345
TCGGGCATCATGTCAG	B707
TCGGGCATCTCTGCTG	B837
TCGGGTGAGACCATTC	B688
TCGGGTGCACATAACC	B707
TCGGGTGCACTGATTG	B327
TCGGGTGTCGACCACG	B356
TCGGTCTAGGCAGCTA	B837
TCGGTCTGTGTAAACA	B837
TCGTAGAAGCGCTGCT	B744
TCGTAGACATCCGGTG	B837
TCGTAGAGTACAAAGT	B707
TCGTAGAGTACCTATG	B537
TCGTAGAGTAGCACAG	B856
TCGTCCAAGAAATTGC	B313
TCGTCCAAGGAAAGGT	B837
TCGTCCACATCACAGT	B32
TCGTCCAGTCGTCTCT	B707
TCGTCCATCGTTAGTG	B809
TCGTCCATCTGGACCG	B837
TCGTGCTAGTAATACG	B791
TCGTGGGGTCACAATC	B617
TCTAACTCAGGTCAAG	B837
TCTAACTGTATCGTTG	B837
TCTAACTGTGACAGGT	B707
TCTAACTGTTGCATCA	B933
TCTACATAGCACTAAA	B652
TCTACATAGGTCACCC	B837
TCTACATCAAAGCGTG	B447
TCTACATCAGCTACAT	B327
TCTACATGTCCTACAA	B707
TCTACCGCAGGAATCG	B941
TCTACCGGTAAGCAAT	B837
TCTACCGGTCGCTCGA	B837
TCTATACAGCATCCTA	B837
TCTATACGTCCTGTCT	B640
TCTATACTCACTTATC	B631
TCTATCAAGGCCACTC	B837
TCTATCACAGCTCATA	B327
TCTATCATCATCTCTA	B282
TCTCACGAGGACTTCT	B707
TCTCAGCAGTGGTGGT	B707
TCTCAGCCAGACAAAT	B837
TCTCAGCGTTTACCTT	B282
TCTCCGAAGTGCAGCA	B811
TCTCTGGAGCCGTTAT	B707
TCTCTGGGTAACCCTA	B282
TCTCTGGTCACCGCTT	B831
TCTGCCAAGGTCCTGC	B151
TCTGCCACAACCCTCT	B204
TCTGCCAGTACTCGCG	B32
TCTGCCAGTAGTCGGA	B500
TCTGCCATCCGCGAGT	B32
TCTGGCTCACATGTTG	B707
TCTGGCTCACCAAATC	B628
TCTGGCTCATTGAGCT	B699
TCTGGCTTCCAATGCA	B609
TCTGGCTTCGAGAACG	B707
TCTGTCGGTGTTACAC	B707
TCTGTCGTCAACCGAT	B707
TCTGTCGTCTCTAAGG	B167
TCTTAGTCATGACGAG	B327
TCTTAGTGTGCCGGTT	B129
TCTTCCTAGAATCGTA	B649
TCTTCCTTCAGAGTGG	B84
TCTTGCGAGTTGTAGA	B707
TCTTGCGCACATGTTG	B528
TCTTGCGGTGACCGTC	B340
TCTTGCGGTGTGAGCA	B524
TCTTGCGGTTCCTAAG	B265
TCTTTGAAGACTGTTC	B797
TCTTTGACAACACTAC	B592
TCTTTGACAGAGTCAG	B707
TCTTTGACATTCTTCA	B688
TCTTTGATCCTGATAG	B101
TCTTTGATCTATGTGG	B837
TGAACGTAGAATCGTA	B337
TGAACGTCACGAGGTA	B707
TGAACGTGTACAGAAT	B528
TGAACGTTCTGTCAGA	B916
TGAATCGCACAACGAG	B707
TGAATCGGTCCTTGTC	B900
TGAATGCAGGTCATAA	B707
TGAATGCAGTGAGGCT	B707
TGAATGCGTCGTCGGT	B282
TGAATGCGTCTACAGT	B110
TGACAGTAGACTAAGT	B812
TGACAGTCAAGACGAC	B707
TGACAGTCAGAGGAAA	B707
TGACAGTGTCCTACAA	B686
TGACAGTGTTCAATCG	B782
TGACCCTAGATGGGCT	B837
TGACCCTAGATTGAGT	B837
TGACCCTCAGTTGAAA	B528
TGACCCTTCAGTGTGT	B524
TGACGCGAGGTCATAA	B837
TGACGCGCAATACGAA	B707
TGACGCGCAGATCATC	B707
TGACGCGCATCCGCGA	B683
TGACTCCAGCATACTC	B707
TGACTCCAGCATTTGC	B837
TGACTCCCAAGACGAC	B707
TGACTCCCACATAACC	B707
TGACTCCGTCACCACG	B707
TGACTCCTCAACCGAT	B407
TGACTCCTCAAGCTGT	B528
TGAGACTCAGGTCAGA	B32
TGAGACTGTTCTCCCA	B707
TGAGACTTCCAAAGGG	B337
TGAGACTTCCGGCTTT	B528
TGAGCATAGCACGATG	B209
TGAGCATAGCGACTTT	B837
TGAGCGCGTGATGAAT	B837
TGAGCGCGTTTGTTCT	B155
TGAGCGCTCTCAATCT	B707
TGAGGAGAGCAAATCA	B84
TGAGGAGAGTCAAGCG	B837
TGAGGAGCAGGTGGAT	B707
TGAGGAGGTTCGGCCA	B528
TGAGGAGTCTAACGCA	B588
TGAGGGAAGACTGAGC	B838
TGAGGGACAATCAAGA	B181
TGAGGGACACTGAATC	B837
TGAGGTTCACCAGACC	B184
TGAGTCACACAGAGAC	B64
TGAGTCACATAGTCAC	B837
TGAGTCACATTGACAC	B707
TGAGTCAGTAGAGGAA	B325
TGAGTCATCTTAGCAG	B941
TGAGTCATCTTTGCGC	B707
TGATCAGAGGTGCGAT	B337
TGATCAGCACGGGCTT	B946
TGATCAGGTTGCATAC	B671
TGATCAGGTTGCCGCA	B707
TGATCAGTCAAACCTG	B231
TGATCTTCACACCTGG	B72
TGATCTTCACTCCGAG	B693
TGATCTTTCAGCTGAT	B707
TGATCTTTCCGAAATC	B7
TGATGGTAGGCTGTAG	B707
TGATGGTTCTCAACCC	B265
TGATTCTGTACGGCAA	B282
TGATTCTGTTGGCTAT	B889
TGATTTCCACTAGTAC	B327
TGATTTCCATTCCTCG	B707
TGATTTCGTAATGTGA	B837
TGATTTCTCCATCGTC	B255
TGCACGGAGCACCTGC	B707
TGCACGGCAAGGGTCA	B707
TGCACGGCAAGTGGAC	B837
TGCAGATAGCATTTGC	B84
TGCAGATGTTGACGGA	B32
TGCAGGCTCCCAAGCG	B707
TGCAGTAAGACGTCGA	B707
TGCATCCGTTGGTGTT	B753
TGCATGAGTACTCAAC	B837
TGCATGAGTCTACAGT	B32
TGCATGAGTTGGTAGG	B325
TGCGACGAGATCACCT	B528
TGCGACGCAACGATCT	B778
TGCGACGTCAAATGCC	B812
TGCGATAAGGTCATAA	B166
TGCGATACAGTCGTTA	B923
TGCGGCAAGCCAGTAG	B340
TGCGGCACAGCAGTCC	B837
TGCTCCAAGCCTGACC	B528
TGCTCCAAGTGGTGAC	B707
TGCTCCAAGTGTTCCA	B837
TGCTCCAGTCTATGAC	B707
TGCTCCAGTGTACAGG	B72
TGCTCCATCACATCAG	B282
TGCTCCATCCTCTAAT	B707
TGCTCGTCACGCGTGT	B837
TGCTCGTTCAAGCCAT	B423
TGCTCGTTCTGGTTGA	B707
TGCTGAAGTAGAGCTG	B707
TGCTGAAGTCTCTCCA	B707
TGCTGAATCCCTCGTA	B707
TGCTTCGCACTTACAG	B512
TGCTTCGGTCGGTAAG	B707
TGCTTCGTCAAACTGC	B707
TGCTTGCGTCTGATCA	B707
TGCTTGCGTGATACTC	B837
TGCTTGCGTGTTGCCG	B837
TGGAACTAGAGATTCA	B837
TGGAACTCAAACCATC	B707
TGGAACTTCACAAGGG	B837
TGGAACTTCTAGCCAA	B837
TGGAGAGAGACACACG	B773
TGGAGAGGTCCAGCGT	B336
TGGAGAGTCGTAACCA	B837
TGGAGGAAGCTGAAAT	B337
TGGAGGACACGAGGAT	B905
TGGAGGAGTTGCATTG	B732
TGGATCATCCATATGG	B800
TGGATGTAGGAACTCG	B837
TGGATGTCAAATGCTC	B267
TGGATGTTCAAGTCGT	B282
TGGATGTTCGGTAAGG	B837
TGGCGTGAGCGATTCT	B707
TGGCGTGAGGTGCATG	B528
TGGCGTGTCCGTCACT	B837
TGGGAAGCAGTCTCTC	B837
TGGGAAGCATCTGCGG	B905
TGGGAAGGTCGTCTCT	B501
TGGGAGAAGACAGTCG	B838
TGGGAGAAGGTGGCTA	B282
TGGGAGACAGAGCTAG	B707
TGGGAGACAGCGTGAA	B357
TGGGATTAGCGTCTCG	B258
TGGGATTAGGGTTGCA	B707
TGGGATTGTATGGTTC	B707
TGGGCGTAGGGCTAAC	B905
TGGGCTGAGAAATTGC	B351
TGGGCTGAGGAGAGGC	B507
TGGGCTGCAGAGTGTG	B177
TGGGTTACATTCACAG	B707
TGGGTTAGTCTCACGG	B707
TGGGTTATCGTCCTCA	B333
TGGTACACAACCAATC	B707
TGGTAGTAGACATAGT	B385
TGGTAGTAGGTCACTT	B32
TGGTAGTGTCCTACAA	B707
TGGTAGTGTCTGTGGC	B528
TGGTAGTGTTACGGAG	B707
TGGTAGTTCAATCCAG	B707
TGGTAGTTCTAGCCTC	B38
TGGTGATGTGCATACT	B837
TGGTGATGTTCCACAA	B707
TGGTTAGAGTGCTACT	B837
TGGTTAGCAATCTAGC	B340
TGGTTAGGTAATGATG	B707
TGGTTAGGTGCAATAA	B707
TGGTTAGTCACTGGGC	B640
TGGTTAGTCGTCTACC	B217
TGTAACGAGAAGGATG	B32
TGTAACGAGTAGAGTT	B837
TGTAACGCATCATGAC	B707
TGTAACGGTAATCAGA	B838
TGTAAGCCAGCGAGTA	B528
TGTAAGCGTAGGGTAC	B707
TGTAAGCGTCAGACTT	B761
TGTAAGCTCCGATGCG	B773
TGTAAGCTCGGTATGT	B707
TGTACAGAGAACTCCT	B623
TGTACAGAGCATGTTC	B325
TGTACAGGTCAGGTGA	B282
TGTACAGGTGTTACAC	B838
TGTACAGTCAAAGCCT	B327
TGTACAGTCGGCTGAC	B204
TGTAGACAGCAGTAAT	B16
TGTAGACAGGTACTGG	B707
TGTAGACGTTGCCGCA	B837
TGTAGACTCGGACAAG	B837
TGTCAGAGTCGTACTA	B707
TGTCCACAGACCTCAT	B707
TGTCCACAGCCAGAGT	B727
TGTCCACAGTAGAGTT	B837
TGTCCACGTTGCAACT	B573
TGTCCACTCATCGACA	B923
TGTCCCAAGCATGTTC	B327
TGTCCCAAGCGTGTTT	B707
TGTCCCAAGGTTGACG	B692
TGTCCCAGTTGTCCCT	B672
TGTCCTGCACAATCTG	B907
TGTCCTGTCATCGCCT	B837
TGTGAGTGTATCCTCC	B707
TGTGATGCAGGTCAAG	B941
TGTGATGCATGCAGCC	B707
TGTGATGGTAAGGAGA	B325
TGTGATGTCAAGAAAC	B707
TGTGATGTCCATTGTT	B707
TGTGCGGAGCCACAAG	B404
TGTGCGGCACGACGCT	B707
TGTGCGGGTAGACAGC	B707
TGTGGCGCAGCACAAG	B77
TGTGGCGTCCTATTGT	B837
TGTGTGACACGTACTA	B837
TGTTACTAGTTAACAG	B707
TGTTCATGTAAGTTAG	B707
TGTTCATGTATCTCGA	B837
TGTTCATGTCAAATCC	B48
TGTTCATGTTGTACGT	B837
TGTTCCGCAACCAATC	B707
TGTTCCGCAAGTCCAT	B837
TGTTCCGGTAACACCT	B327
TGTTCCGTCAACGCTA	B707
TGTTCTAAGACTGGGT	B124
TGTTCTAGTGCTGATT	B707
TGTTGAGAGCGAAACC	B837
TGTTGAGCAATCTAGC	B707
TGTTGAGCAGCTTCCT	B506
TGTTGAGCATAGAGGC	B528
TGTTGAGCATCTAACG	B528
TGTTGAGTCCACCTCA	B32
TGTTGAGTCCCATTCG	B385
TGTTGGATCACTTTGT	B903
TGTTGGATCAGTCATG	B65
TGTTTGTAGCGAGTCA	B837
TTAATCCGTGCAGTGA	B707
TTAATCCGTGCGACAA	B282
TTAATCCGTGGGACAT	B337
TTACAGGCATGACCCG	B837
TTACAGGGTCCGAAAG	B837
TTACAGGTCACATTGG	B495
TTACCATCAATCCAGT	B265
TTACCATCACCAAATC	B163
TTACCATGTGCAATAA	B66
TTACCGCGTCGTCAGC	B819
TTACCGCGTTGCGGAA	B35
TTACCGCGTTGTCAGT	B454
TTACGCCCACGCTGTG	B707
TTACGCCCAGTCCGTG	B110
TTACGCCGTCCTTAAG	B302
TTACGCCGTGGCACTC	B707
TTACGCCTCTATTTCG	B753
TTACGTTCACATTCGA	B837
TTACGTTGTCACCACG	B50
TTACGTTGTGAAGCTG	B590
TTACGTTTCCTGTTGC	B707
TTACTGTTCAAGCTGT	B545
TTACTGTTCGCCTAGG	B104
TTAGGCAAGGTTTACC	B942
TTAGGCAGTCACAATC	B836
TTAGGGTCAGTATACC	B707
TTAGGGTTCCCATGGG	B232
TTAGTCTCACTTGGCG	B413
TTAGTCTGTACGGGAT	B707
TTAGTCTGTATGCGGA	B114
TTAGTCTGTTGTATGC	B337
TTAGTCTGTTTCCAAG	B707
TTAGTCTTCCACAAGT	B688
TTAGTCTTCGAAGGAC	B837
TTAGTCTTCGAGAAAT	B640
TTATTGCAGCTCGAAG	B640
TTATTGCAGCTTTCCC	B282
TTATTGCAGGAACTCG	B707
TTATTGCAGGGCATGT	B707
TTATTGCCAAGTATAG	B707
TTATTGCCACCCAATA	B837
TTATTGCTCGACCATA	B707
TTATTGCTCTACGCAA	B385
TTCAATCAGGTTGAGC	B837
TTCAATCAGTCAGGGT	B45
TTCAATCCACATTGTG	B327
TTCAATCGTAAGATAC	B795
TTCACCGAGTTGTAAG	B201
TTCACCGCAAGTGACG	B707
TTCACCGGTAGCTTAC	B707
TTCACCGTCAAGTCGT	B707
TTCACGCCACTGGATT	B707
TTCACGCGTTCAGTAC	B265
TTCACGCTCCAGTTCC	B85
TTCACGCTCGACATAC	B229
TTCACGCTCGGTAACT	B837
TTCAGGAAGAAGCGCT	B162
TTCAGGAAGGGAGGAC	B837
TTCAGGATCAAGGAGC	B389
TTCAGGATCCTTGACC	B847
TTCATGTAGTTTCTTC	B177
TTCATGTCATAGGTTC	B109
TTCATGTCATGACTAC	B854
TTCATGTGTAGCGATG	B707
TTCATGTGTATCAAGA	B837
TTCATGTGTCCAGCAC	B837
TTCATGTGTTGCAACT	B528
TTCATGTTCAGACCCG	B707
TTCATGTTCTCGCGTT	B707
TTCATTGGTCATCGCG	B707
TTCATTGTCGTTTACT	B905
TTCCAATAGAGCCTGA	B837
TTCCAATTCATGTCAG	B837
TTCCACGCACGATTCA	B327
TTCCACGCAGAAGCTG	B838
TTCCACGCAGTAGAAT	B528
TTCCGGTAGCATTGAA	B707
TTCCGGTAGGCATTTC	B707
TTCCGGTAGTACCCTA	B707
TTCCGGTCAGCAGTCC	B37
TTCCGGTCAGCTGTTA	B838
TTCCGGTGTAGCGCTC	B317
TTCCGGTGTCACTTCC	B881
TTCCGTGAGAGAGTGA	B707
TTCCGTGGTTCCGGTG	B837
TTCCTAAGTTAGAGTA	B707
TTCCTAATCGTAACCA	B707
TTCCTCTGTGCAACGA	B707
TTCCTTCGTCTACAGT	B707
TTCCTTCGTGCCCAGT	B707
TTCCTTCTCGAGAAGC	B528
TTCCTTCTCTCTCTAA	B282
TTCGATTAGCTGTACT	B780
TTCGATTAGTCAACAA	B707
TTCGATTGTTGTCCCT	B837
TTCGCTGCAACTCGTA	B707
TTCGCTGCACTCCCTA	B856
TTCGCTGCATGTGCCG	B528
TTCGCTGTCGCCAGAC	B258
TTCGGTCAGATTGAGT	B887
TTCGGTCAGGTGCTTT	B854
TTCGGTCGTGCCTATA	B809
TTCGGTCTCCATGATG	B327
TTCGGTCTCGTCAAAC	B520
TTCTAACCAAACACCT	B837
TTCTAACCACGTACAT	B812
TTCTAGTAGGTAGATT	B247
TTCTAGTCACCGTACG	B640
TTCTAGTGTGTCTAAC	B837
TTCTAGTGTTCAAGGG	B707
TTCTAGTTCCACGTGG	B683
TTCTAGTTCTTTCCAA	B327
TTCTGTAAGCACTGGA	B420
TTCTGTAAGTCTTCGA	B707
TTCTGTAGTCGCATTA	B528
TTCTGTAGTGTTACAC	B844
TTCTGTATCTGTCAGA	B32
TTCTTCCCAGTCTTCC	B333
TTCTTGAAGGCATGGT	B837
TTCTTGACATTGCAAC	B164
TTCTTGAGTTGAGGAC	B86
TTGAACGAGAGGGTGG	B707
TTGAACGTCTGCTAGA	B420
TTGACCCAGCCACCGT	B129
TTGACCCAGCGTATAA	B506
TTGACCCCAGTCACGC	B837
TTGACCCGTCGTAATC	B337
TTGAGTGCAAATGGTA	B859
TTGAGTGGTACGTGTT	B838
TTGATGGAGGATACAT	B836
TTGATGGCATTCATCT	B823
TTGATGGGTATCGTTG	B707
TTGATGGTCCTGTAGA	B564
TTGCATTAGAGGCGTT	B837
TTGCATTAGTGTCATC	B707
TTGCATTAGTTTGCTG	B837
TTGCATTCACTAGTAC	B282
TTGCATTGTCGTTCAA	B707
TTGCATTGTGTTCATG	B21
TTGCCTGCAAGCGCAA	B360
TTGCCTGCATGCAGCC	B471
TTGCCTGCATGTCGTA	B528
TTGCCTGTCGACATCA	B528
TTGCCTGTCTGCGTCT	B506
TTGCCTGTCTTGAACG	B215
TTGCGTCAGCAGATAT	B707
TTGCGTCAGCGCGTTC	B707
TTGCGTCCATGACAGG	B827
TTGCGTCGTCTTTATC	B579
TTGCGTCTCAGCATTG	B773
TTGCTGCCAGGTGTGA	B837
TTGCTGCTCATCTATC	B837
TTGCTGCTCCATTTAC	B501
TTGCTGCTCTGCATAG	B357
TTGGATGAGACTCGAG	B623
TTGGATGAGCAATAAC	B389
TTGGATGAGTGGAATT	B518
TTGGATGTCCAACACA	B707
TTGGGATAGGGCAACT	B528
TTGGGATCACAGTCGC	B856
TTGGGATCACCGTACG	B742
TTGGGCGAGACCCGCT	B837
TTGGGCGGTCCTATAG	B32
TTGGGCGGTTCGAAGG	B528
TTGGGTAAGACACACG	B327
TTGGGTACAACCGACC	B707
TTGGGTAGTCTTGAAC	B849
TTGGGTATCCTGGGAC	B282
TTGGTTTAGCTTGTGT	B707
TTGGTTTTCATCACCC	B707
TTGGTTTTCATCGCCT	B337
TTGTGGATCCGCTAGG	B528
TTGTGGATCTTCCTAA	B707
TTGTGTTGTAAGGTCG	B528
TTGTGTTGTACGTGAG	B837
TTGTGTTGTAGTTACC	B837
TTGTGTTGTTGGTGTT	B945
TTGTTCAAGTGATTCC	B495
TTGTTCAGTAACTTCG	B557
TTGTTCAGTACAGTAA	B788
TTGTTGTAGTAGGGTC	B707
TTGTTGTCACACAGCC	B707
TTGTTTGGTCTTCAAG	B837
TTTACCAAGATGTTGA	B905
TTTACCATCGGCATTA	B327
TTTACGTAGATGGGCT	B265
TTTACGTAGGCACAAC	B707
TTTACGTTCGAGTGAG	B707
TTTACGTTCTTACCGC	B337
TTTACTGAGTTCCGTA	B640
TTTACTGCAGACACCC	B129
TTTACTGTCATTATCC	B122
TTTAGTCAGATTGCGG	B837
TTTAGTCAGGGTTAGC	B707
TTTATGCCACAAGGTG	B84
TTTATGCGTAGCCAGA	B109
TTTATGCGTCCTACAA	B707
TTTCACAAGTAAACTG	B707
TTTCACATCAACTGAC	B282
TTTCAGTGTTGGCTAT	B325
TTTCAGTTCGCGTTTC	B837
TTTCATGAGTAGTCCT	B458
TTTCATGCAACGCCCA	B707
TTTCATGCAGGAGACT	B269
TTTCATGGTAACATCC	B838
TTTCATGGTGGAAATT	B384
TTTCATGGTTCTCAGA	B535
TTTCATGTCTCACCCA	B325
TTTCCTCCATTGCAAC	B214
TTTCCTCGTAGAGGAA	B357
TTTCCTCTCTGAGGCC	B707
TTTCGATAGCCTGCCA	B337
TTTCGATCAAATGGTA	B905
TTTCGATTCGTCAAAC	B337
TTTGACTAGGCTCCCA	B837
TTTGATCCAGTCGGAA	B837
TTTGATCCATGACAGG	B707
TTTGATCGTAGCTGCC	B325
TTTGGAGAGATACATG	B707
TTTGGAGAGTTGGAGC	B327
TTTGGAGTCCCAAGTA	B74
TTTGGTTAGCCAAGTG	B707
TTTGGTTCACGGCACT	B32
TTTGGTTTCCGTATAG	B254
TTTGTTGAGACAAGCC	B267
TTTGTTGAGAGGACTC	B707
TTTGTTGAGTAGAGTT	B707
TTTGTTGCAGTCGAGA	B707
TTTGTTGCATGAAGGC	B327
